VenueCode,TemplateName,SectionCode,Row,Seat,Priority,StatusCode,Aisle,RowSort,SeatSort,Image,HoldType
7520,DAVISHIGH6,CENTR,B,1,42,H,TRUE,2,15,,0
7520,DAVISHIGH6,CENTR,C,13,78,A,TRUE,3,3,,0
7520,DAVISHIGH6,CENTR,C,12,76,A,FALSE,3,4,,0
7520,DAVISHIGH6,CENTR,C,11,74,A,FALSE,3,5,,0
7520,DAVISHIGH6,CENTR,C,10,72,A,FALSE,3,6,,0
7520,DAVISHIGH6,CENTR,C,9,70,A,FALSE,3,7,,0
7520,DAVISHIGH6,CENTR,B,2,40,H,FALSE,2,14,,0
7520,DAVISHIGH6,CENTR,B,3,38,H,FALSE,2,13,,0
7520,DAVISHIGH6,CENTR,B,4,36,H,FALSE,2,12,,0
7520,DAVISHIGH6,CENTR,B,5,34,H,FALSE,2,11,,0
7520,DAVISHIGH6,CENTR,B,6,32,H,FALSE,2,10,,0
7520,DAVISHIGH6,CENTR,B,7,31,H,FALSE,2,9,,0
7520,DAVISHIGH6,CENTR,B,8,33,H,FALSE,2,8,,0
7520,DAVISHIGH6,CENTR,B,9,35,H,FALSE,2,7,,0
7520,DAVISHIGH6,CENTR,B,10,37,H,FALSE,2,6,,0
7520,DAVISHIGH6,CENTR,B,11,39,H,FALSE,2,5,,0
7520,DAVISHIGH6,CENTR,B,12,41,H,FALSE,2,4,,0
7520,DAVISHIGH6,CENTR,B,13,43,H,TRUE,2,3,,0
7520,DAVISHIGH6,CENTR,A,1,12,H,TRUE,1,14,,0
7520,DAVISHIGH6,CENTR,A,2,10,H,FALSE,1,13,,0
7520,DAVISHIGH6,CENTR,A,3,8,H,FALSE,1,12,,0
7520,DAVISHIGH6,CENTR,A,4,6,H,FALSE,1,11,,0
7520,DAVISHIGH6,CENTR,A,5,4,H,FALSE,1,10,,0
7520,DAVISHIGH6,CENTR,A,6,2,H,FALSE,1,9,,0
7520,DAVISHIGH6,CENTR,A,7,1,H,FALSE,1,8,,0
7520,DAVISHIGH6,CENTR,A,8,3,H,FALSE,1,7,,0
7520,DAVISHIGH6,CENTR,A,9,5,H,FALSE,1,6,,0
7520,DAVISHIGH6,CENTR,A,10,7,H,FALSE,1,5,,0
7520,DAVISHIGH6,CENTR,A,11,9,H,FALSE,1,4,,0
7520,DAVISHIGH6,CENTR,A,12,11,H,TRUE,1,3,,0
7520,DAVISHIGH6,CENTR,C,8,68,A,FALSE,3,8,,0
7520,DAVISHIGH6,CENTR,E,10,140,A,FALSE,5,6,,0
7520,DAVISHIGH6,CENTR,E,9,138,A,FALSE,5,7,,0
7520,DAVISHIGH6,CENTR,E,8,136,A,FALSE,5,8,,0
7520,DAVISHIGH6,CENTR,E,7,137,A,FALSE,5,9,,0
7520,DAVISHIGH6,CENTR,E,6,139,A,FALSE,5,10,,0
7520,DAVISHIGH6,CENTR,E,5,141,A,FALSE,5,11,,0
7520,DAVISHIGH6,CENTR,E,4,143,A,FALSE,5,12,,0
7520,DAVISHIGH6,CENTR,E,3,145,A,FALSE,5,13,,0
7520,DAVISHIGH6,CENTR,E,2,147,A,FALSE,5,14,,0
7520,DAVISHIGH6,CENTR,E,1,149,A,TRUE,5,15,,0
7520,DAVISHIGH6,CENTR,F,14,184,A,TRUE,6,2,,0
7520,DAVISHIGH6,CENTR,F,13,182,A,FALSE,6,3,,0
7520,DAVISHIGH6,CENTR,F,12,180,A,FALSE,6,4,,0
7520,DAVISHIGH6,CENTR,F,11,178,A,FALSE,6,5,,0
7520,DAVISHIGH6,CENTR,F,10,176,A,FALSE,6,6,,0
7520,DAVISHIGH6,CENTR,F,9,174,A,FALSE,6,7,,0
7520,DAVISHIGH6,CENTR,F,8,172,A,FALSE,6,8,,0
7520,DAVISHIGH6,CENTR,F,7,173,A,FALSE,6,9,,0
7520,DAVISHIGH6,CENTR,F,6,175,A,FALSE,6,10,,0
7520,DAVISHIGH6,CENTR,F,5,177,A,FALSE,6,11,,0
7520,DAVISHIGH6,CENTR,F,4,179,A,FALSE,6,12,,0
7520,DAVISHIGH6,CENTR,F,3,181,A,FALSE,6,13,,0
7520,DAVISHIGH6,CENTR,F,2,183,A,FALSE,6,14,,0
7520,DAVISHIGH6,CENTR,F,1,185,A,TRUE,6,15,,0
7520,DAVISHIGH6,CENTR,G,15,224,A,TRUE,7,2,,0
7520,DAVISHIGH6,CENTR,G,14,222,A,FALSE,7,3,,0
7520,DAVISHIGH6,CENTR,G,13,220,A,FALSE,7,4,,0
7520,DAVISHIGH6,CENTR,G,12,218,A,FALSE,7,5,,0
7520,DAVISHIGH6,CENTR,G,11,216,A,FALSE,7,6,,0
7520,DAVISHIGH6,CENTR,G,10,214,A,FALSE,7,7,,0
7520,DAVISHIGH6,CENTR,G,9,212,A,FALSE,7,8,,0
7520,DAVISHIGH6,CENTR,G,8,210,A,FALSE,7,9,,0
7520,DAVISHIGH6,CENTR,C,7,66,A,FALSE,3,9,,0
7520,DAVISHIGH6,CENTR,C,6,67,A,FALSE,3,10,,0
7520,DAVISHIGH6,CENTR,C,5,69,A,FALSE,3,11,,0
7520,DAVISHIGH6,CENTR,C,4,71,A,FALSE,3,12,,0
7520,DAVISHIGH6,CENTR,C,3,73,A,FALSE,3,13,,0
7520,DAVISHIGH6,CENTR,C,2,75,A,FALSE,3,14,,0
7520,DAVISHIGH6,CENTR,C,1,77,A,TRUE,3,15,,0
7520,DAVISHIGH6,CENTR,D,13,113,A,TRUE,4,3,,0
7520,DAVISHIGH6,CENTR,D,12,111,A,FALSE,4,4,,0
7520,DAVISHIGH6,CENTR,D,11,109,A,FALSE,4,5,,0
7520,DAVISHIGH6,CENTR,D,10,107,A,FALSE,4,6,,0
7520,DAVISHIGH6,CENTR,D,9,105,A,FALSE,4,7,,0
7520,DAVISHIGH6,CENTR,D,8,103,A,FALSE,4,8,,0
7520,DAVISHIGH6,CENTR,D,7,101,A,FALSE,4,9,,0
7520,DAVISHIGH6,CENTR,D,6,102,A,FALSE,4,10,,0
7520,DAVISHIGH6,CENTR,D,5,104,A,FALSE,4,11,,0
7520,DAVISHIGH6,CENTR,D,4,106,A,FALSE,4,12,,0
7520,DAVISHIGH6,CENTR,D,3,108,A,FALSE,4,13,,0
7520,DAVISHIGH6,CENTR,D,2,110,A,FALSE,4,14,,0
7520,DAVISHIGH6,CENTR,D,1,112,A,TRUE,4,15,,0
7520,DAVISHIGH6,CENTR,E,14,148,A,TRUE,5,2,,0
7520,DAVISHIGH6,CENTR,E,13,146,A,FALSE,5,3,,0
7520,DAVISHIGH6,CENTR,E,12,144,A,FALSE,5,4,,0
7520,DAVISHIGH6,CENTR,E,11,142,A,FALSE,5,5,,0
7520,DAVISHIGH6,CENTR,G,7,211,A,FALSE,7,10,,0
7520,DAVISHIGH6,CENTR,G,6,213,A,FALSE,7,11,,0
7520,DAVISHIGH6,CENTR,G,5,215,A,FALSE,7,12,,0
7520,DAVISHIGH6,CENTR,G,4,217,A,FALSE,7,13,,0
7520,DAVISHIGH6,CENTR,G,3,219,A,FALSE,7,14,,0
7520,DAVISHIGH6,CENTR,G,2,221,A,FALSE,7,15,,0
7520,DAVISHIGH6,CENTR,G,1,223,A,TRUE,7,16,,0
7520,DAVISHIGH6,CENTR,H,15,263,A,TRUE,8,2,,0
7520,DAVISHIGH6,CENTR,H,14,261,A,FALSE,8,3,,0
7520,DAVISHIGH6,CENTR,H,13,259,A,FALSE,8,4,,0
7520,DAVISHIGH6,CENTR,H,12,257,A,FALSE,8,5,,0
7520,DAVISHIGH6,CENTR,H,11,255,A,FALSE,8,6,,0
7520,DAVISHIGH6,CENTR,H,10,253,A,FALSE,8,7,,0
7520,DAVISHIGH6,CENTR,H,9,251,A,FALSE,8,8,,0
7520,DAVISHIGH6,CENTR,H,8,249,A,FALSE,8,9,,0
7520,DAVISHIGH6,CENTR,H,7,250,A,FALSE,8,10,,0
7520,DAVISHIGH6,CENTR,H,6,252,A,FALSE,8,11,,0
7520,DAVISHIGH6,CENTR,H,5,254,A,FALSE,8,12,,0
7520,DAVISHIGH6,CENTR,H,4,256,A,FALSE,8,13,,0
7520,DAVISHIGH6,CENTR,H,3,258,A,FALSE,8,14,,0
7520,DAVISHIGH6,CENTR,H,2,260,A,FALSE,8,15,,0
7520,DAVISHIGH6,CENTR,H,1,262,A,TRUE,8,16,,0
7520,DAVISHIGH6,CENTR,J,15,302,A,TRUE,9,2,,0
7520,DAVISHIGH6,CENTR,J,14,300,A,FALSE,9,3,,0
7520,DAVISHIGH6,CENTR,J,13,298,A,FALSE,9,4,,0
7520,DAVISHIGH6,CENTR,J,12,296,A,FALSE,9,5,,0
7520,DAVISHIGH6,CENTR,J,11,294,A,FALSE,9,6,,0
7520,DAVISHIGH6,CENTR,J,10,292,A,FALSE,9,7,,0
7520,DAVISHIGH6,CENTR,J,9,290,A,FALSE,9,8,,0
7520,DAVISHIGH6,CENTR,J,8,288,A,FALSE,9,9,,0
7520,DAVISHIGH6,CENTR,J,7,289,A,FALSE,9,10,,0
7520,DAVISHIGH6,CENTR,J,6,291,A,FALSE,9,11,,0
7520,DAVISHIGH6,CENTR,J,5,293,A,FALSE,9,12,,0
7520,DAVISHIGH6,CENTR,J,4,295,A,FALSE,9,13,,0
7520,DAVISHIGH6,CENTR,J,3,297,A,FALSE,9,14,,0
7520,DAVISHIGH6,CENTR,J,2,299,A,FALSE,9,15,,0
7520,DAVISHIGH6,CENTR,J,1,301,A,TRUE,9,16,,0
7520,DAVISHIGH6,CENTR,K,15,341,A,TRUE,10,2,,0
7520,DAVISHIGH6,CENTR,K,14,339,A,FALSE,10,3,,0
7520,DAVISHIGH6,CENTR,K,13,337,A,FALSE,10,4,,0
7520,DAVISHIGH6,CENTR,K,12,335,A,FALSE,10,5,,0
7520,DAVISHIGH6,CENTR,K,11,333,A,FALSE,10,6,,0
7520,DAVISHIGH6,CENTR,K,10,331,A,FALSE,10,7,,0
7520,DAVISHIGH6,CENTR,K,9,329,A,FALSE,10,8,,0
7520,DAVISHIGH6,CENTR,K,8,327,A,FALSE,10,9,,0
7520,DAVISHIGH6,CENTR,K,7,328,A,FALSE,10,10,,0
7520,DAVISHIGH6,CENTR,K,6,330,A,FALSE,10,11,,0
7520,DAVISHIGH6,CENTR,K,5,332,A,FALSE,10,12,,0
7520,DAVISHIGH6,CENTR,K,4,334,A,FALSE,10,13,,0
7520,DAVISHIGH6,CENTR,K,3,336,A,FALSE,10,14,,0
7520,DAVISHIGH6,CENTR,K,2,338,A,FALSE,10,15,,0
7520,DAVISHIGH6,CENTR,K,1,340,A,TRUE,10,16,,0
7520,DAVISHIGH6,CENTR,L,16,380,A,TRUE,11,1,,0
7520,DAVISHIGH6,CENTR,L,15,378,A,FALSE,11,2,,0
7520,DAVISHIGH6,CENTR,L,14,376,A,FALSE,11,3,,0
7520,DAVISHIGH6,CENTR,L,13,374,A,FALSE,11,4,,0
7520,DAVISHIGH6,CENTR,L,12,372,A,FALSE,11,5,,0
7520,DAVISHIGH6,CENTR,L,11,370,A,FALSE,11,6,,0
7520,DAVISHIGH6,CENTR,L,10,368,H,FALSE,11,7,,0
7520,DAVISHIGH6,CENTR,L,9,366,H,FALSE,11,8,,0
7520,DAVISHIGH6,CENTR,L,8,367,H,FALSE,11,9,,0
7520,DAVISHIGH6,CENTR,L,7,369,H,FALSE,11,10,,0
7520,DAVISHIGH6,CENTR,L,6,371,H,FALSE,11,11,,0
7520,DAVISHIGH6,CENTR,L,5,373,A,FALSE,11,12,,0
7520,DAVISHIGH6,CENTR,L,4,375,A,FALSE,11,13,,0
7520,DAVISHIGH6,CENTR,L,3,377,A,FALSE,11,14,,0
7520,DAVISHIGH6,CENTR,L,2,379,A,FALSE,11,15,,0
7520,DAVISHIGH6,CENTR,L,1,381,A,TRUE,11,16,,0
7520,DAVISHIGH6,CENTR,M,16,420,A,TRUE,12,1,,0
7520,DAVISHIGH6,CENTR,M,15,418,A,FALSE,12,2,,0
7520,DAVISHIGH6,CENTR,M,14,416,A,FALSE,12,3,,0
7520,DAVISHIGH6,CENTR,M,13,414,A,FALSE,12,4,,0
7520,DAVISHIGH6,CENTR,M,12,412,A,FALSE,12,5,,0
7520,DAVISHIGH6,CENTR,M,11,410,A,FALSE,12,6,,0
7520,DAVISHIGH6,CENTR,M,10,408,A,FALSE,12,7,,0
7520,DAVISHIGH6,CENTR,M,9,406,A,FALSE,12,8,,0
7520,DAVISHIGH6,CENTR,M,8,407,A,FALSE,12,9,,0
7520,DAVISHIGH6,CENTR,M,7,409,A,FALSE,12,10,,0
7520,DAVISHIGH6,CENTR,M,6,411,A,FALSE,12,11,,0
7520,DAVISHIGH6,CENTR,M,5,413,A,FALSE,12,12,,0
7520,DAVISHIGH6,CENTR,M,4,415,A,FALSE,12,13,,0
7520,DAVISHIGH6,CENTR,M,3,417,A,FALSE,12,14,,0
7520,DAVISHIGH6,CENTR,M,2,419,A,FALSE,12,15,,0
7520,DAVISHIGH6,CENTR,M,1,421,A,TRUE,12,16,,0
7520,DAVISHIGH6,CENTR,N,17,462,A,TRUE,13,1,,0
7520,DAVISHIGH6,CENTR,N,16,460,A,FALSE,13,2,,0
7520,DAVISHIGH6,CENTR,N,15,458,A,FALSE,13,3,,0
7520,DAVISHIGH6,CENTR,N,14,456,A,FALSE,13,4,,0
7520,DAVISHIGH6,CENTR,N,13,454,A,FALSE,13,5,,0
7520,DAVISHIGH6,CENTR,N,12,452,A,FALSE,13,6,,0
7520,DAVISHIGH6,CENTR,N,11,450,A,FALSE,13,7,,0
7520,DAVISHIGH6,CENTR,N,10,448,A,FALSE,13,8,,0
7520,DAVISHIGH6,CENTR,N,9,446,A,FALSE,13,9,,0
7520,DAVISHIGH6,CENTR,N,8,447,A,FALSE,13,10,,0
7520,DAVISHIGH6,CENTR,N,7,449,A,FALSE,13,11,,0
7520,DAVISHIGH6,CENTR,N,6,451,A,FALSE,13,12,,0
7520,DAVISHIGH6,CENTR,N,5,453,A,FALSE,13,13,,0
7520,DAVISHIGH6,CENTR,N,4,455,A,FALSE,13,14,,0
7520,DAVISHIGH6,CENTR,N,3,457,A,FALSE,13,15,,0
7520,DAVISHIGH6,CENTR,N,2,459,A,FALSE,13,16,,0
7520,DAVISHIGH6,CENTR,N,1,461,A,TRUE,13,17,,0
7520,DAVISHIGH6,CENTR,P,17,503,A,TRUE,14,1,,0
7520,DAVISHIGH6,CENTR,P,16,501,A,FALSE,14,2,,0
7520,DAVISHIGH6,CENTR,P,15,499,A,FALSE,14,3,,0
7520,DAVISHIGH6,CENTR,P,14,497,A,FALSE,14,4,,0
7520,DAVISHIGH6,CENTR,P,13,495,A,FALSE,14,5,,0
7520,DAVISHIGH6,CENTR,P,12,493,A,FALSE,14,6,,0
7520,DAVISHIGH6,CENTR,P,11,491,A,FALSE,14,7,,0
7520,DAVISHIGH6,CENTR,P,10,489,A,FALSE,14,8,,0
7520,DAVISHIGH6,CENTR,P,9,487,A,FALSE,14,9,,0
7520,DAVISHIGH6,CENTR,P,8,488,A,FALSE,14,10,,0
7520,DAVISHIGH6,CENTR,P,7,490,A,FALSE,14,11,,0
7520,DAVISHIGH6,CENTR,P,6,492,A,FALSE,14,12,,0
7520,DAVISHIGH6,CENTR,P,5,494,A,FALSE,14,13,,0
7520,DAVISHIGH6,CENTR,P,4,496,A,FALSE,14,14,,0
7520,DAVISHIGH6,CENTR,P,3,498,A,FALSE,14,15,,0
7520,DAVISHIGH6,CENTR,P,2,500,A,FALSE,14,16,,0
7520,DAVISHIGH6,CENTR,P,1,502,A,TRUE,14,17,,0
7520,DAVISHIGH6,CENTR,Q,17,536,H,TRUE,15,1,,0
7520,DAVISHIGH6,CENTR,Q,16,534,H,FALSE,15,2,,0
7520,DAVISHIGH6,CENTR,Q,15,532,H,TRUE,15,3,,0
7520,DAVISHIGH6,CENTR,Q,11,530,H,TRUE,15,7,,0
7520,DAVISHIGH6,CENTR,Q,10,528,H,FALSE,15,8,,0
7520,DAVISHIGH6,CENTR,Q,9,529,H,FALSE,15,9,,0
7520,DAVISHIGH6,CENTR,Q,8,531,H,TRUE,15,10,,0
7520,DAVISHIGH6,CENTR,Q,3,533,H,TRUE,15,15,,0
7520,DAVISHIGH6,CENTR,Q,2,535,H,FALSE,15,16,,0
7520,DAVISHIGH6,CENTR,Q,1,537,H,TRUE,15,17,,0
7520,DAVISHIGH6,LEFT,A,9,29,A,TRUE,1,2,,0
7520,DAVISHIGH6,LEFT,A,8,27,A,FALSE,1,3,,0
7520,DAVISHIGH6,LEFT,A,7,25,A,FALSE,1,4,,0
7520,DAVISHIGH6,LEFT,A,6,23,A,FALSE,1,5,,0
7520,DAVISHIGH6,LEFT,A,5,21,A,FALSE,1,6,,0
7520,DAVISHIGH6,LEFT,A,4,19,A,FALSE,1,7,,0
7520,DAVISHIGH6,LEFT,A,3,17,H,FALSE,1,8,,0
7520,DAVISHIGH6,LEFT,A,2,15,H,FALSE,1,9,,0
7520,DAVISHIGH6,LEFT,A,1,13,H,TRUE,1,10,,0
7520,DAVISHIGH6,LEFT,B,11,64,A,TRUE,2,2,,0
7520,DAVISHIGH6,LEFT,B,10,62,A,FALSE,2,3,,0
7520,DAVISHIGH6,LEFT,B,9,60,A,FALSE,2,4,,0
7520,DAVISHIGH6,LEFT,B,8,58,A,FALSE,2,5,,0
7520,DAVISHIGH6,LEFT,B,7,56,A,FALSE,2,6,,0
7520,DAVISHIGH6,LEFT,B,6,54,A,FALSE,2,7,,0
7520,DAVISHIGH6,LEFT,B,5,52,H,FALSE,2,8,,0
7520,DAVISHIGH6,LEFT,B,4,50,H,FALSE,2,9,,0
7520,DAVISHIGH6,LEFT,B,3,48,H,FALSE,2,10,,0
7520,DAVISHIGH6,LEFT,B,2,46,H,FALSE,2,11,,0
7520,DAVISHIGH6,LEFT,B,1,44,H,TRUE,2,12,,0
7520,DAVISHIGH6,LEFT,C,11,99,A,TRUE,3,2,,0
7520,DAVISHIGH6,LEFT,C,10,97,A,FALSE,3,3,,0
7520,DAVISHIGH6,LEFT,C,9,95,A,FALSE,3,4,,0
7520,DAVISHIGH6,LEFT,C,8,93,A,FALSE,3,5,,0
7520,DAVISHIGH6,LEFT,C,7,91,A,FALSE,3,6,,0
7520,DAVISHIGH6,LEFT,C,6,89,A,FALSE,3,7,,0
7520,DAVISHIGH6,LEFT,C,5,87,A,FALSE,3,8,,0
7520,DAVISHIGH6,LEFT,C,4,85,A,FALSE,3,9,,0
7520,DAVISHIGH6,LEFT,C,3,83,A,FALSE,3,10,,0
7520,DAVISHIGH6,LEFT,C,2,81,A,FALSE,3,11,,0
7520,DAVISHIGH6,LEFT,C,1,79,A,TRUE,3,12,,0
7520,DAVISHIGH6,LEFT,D,11,134,A,TRUE,4,2,,0
7520,DAVISHIGH6,LEFT,D,10,132,A,FALSE,4,3,,0
7520,DAVISHIGH6,LEFT,D,9,130,A,FALSE,4,4,,0
7520,DAVISHIGH6,LEFT,D,8,128,A,FALSE,4,5,,0
7520,DAVISHIGH6,LEFT,D,7,126,A,FALSE,4,6,,0
7520,DAVISHIGH6,LEFT,D,6,124,A,FALSE,4,7,,0
7520,DAVISHIGH6,LEFT,D,5,122,A,FALSE,4,8,,0
7520,DAVISHIGH6,LEFT,D,4,120,A,FALSE,4,9,,0
7520,DAVISHIGH6,LEFT,D,3,118,A,FALSE,4,10,,0
7520,DAVISHIGH6,LEFT,D,2,116,A,FALSE,4,11,,0
7520,DAVISHIGH6,LEFT,D,1,114,A,TRUE,4,12,,0
7520,DAVISHIGH6,LEFT,E,11,170,A,TRUE,5,2,,0
7520,DAVISHIGH6,LEFT,E,10,168,A,FALSE,5,3,,0
7520,DAVISHIGH6,LEFT,E,9,166,A,FALSE,5,4,,0
7520,DAVISHIGH6,LEFT,E,8,164,A,FALSE,5,5,,0
7520,DAVISHIGH6,LEFT,E,7,162,A,FALSE,5,6,,0
7520,DAVISHIGH6,LEFT,E,6,160,A,FALSE,5,7,,0
7520,DAVISHIGH6,LEFT,E,5,158,A,FALSE,5,8,,0
7520,DAVISHIGH6,LEFT,E,4,156,A,FALSE,5,9,,0
7520,DAVISHIGH6,LEFT,E,3,154,A,FALSE,5,10,,0
7520,DAVISHIGH6,LEFT,E,2,152,A,FALSE,5,11,,0
7520,DAVISHIGH6,LEFT,E,1,150,A,TRUE,5,12,,0
7520,DAVISHIGH6,LEFT,F,12,208,A,TRUE,6,1,,0
7520,DAVISHIGH6,LEFT,F,11,206,A,FALSE,6,2,,0
7520,DAVISHIGH6,LEFT,F,10,204,A,FALSE,6,3,,0
7520,DAVISHIGH6,LEFT,F,9,202,A,FALSE,6,4,,0
7520,DAVISHIGH6,LEFT,F,8,200,A,FALSE,6,5,,0
7520,DAVISHIGH6,LEFT,F,7,198,A,FALSE,6,6,,0
7520,DAVISHIGH6,LEFT,F,6,196,A,FALSE,6,7,,0
7520,DAVISHIGH6,LEFT,F,5,194,A,FALSE,6,8,,0
7520,DAVISHIGH6,LEFT,F,4,192,A,FALSE,6,9,,0
7520,DAVISHIGH6,LEFT,F,3,190,A,FALSE,6,10,,0
7520,DAVISHIGH6,LEFT,F,2,188,A,FALSE,6,11,,0
7520,DAVISHIGH6,LEFT,F,1,186,A,TRUE,6,12,,0
7520,DAVISHIGH6,LEFT,G,12,247,A,TRUE,7,1,,0
7520,DAVISHIGH6,LEFT,G,11,245,A,FALSE,7,2,,0
7520,DAVISHIGH6,LEFT,G,10,243,A,FALSE,7,3,,0
7520,DAVISHIGH6,LEFT,G,9,241,A,FALSE,7,4,,0
7520,DAVISHIGH6,LEFT,G,8,239,A,FALSE,7,5,,0
7520,DAVISHIGH6,LEFT,G,7,237,A,FALSE,7,6,,0
7520,DAVISHIGH6,LEFT,G,6,235,A,FALSE,7,7,,0
7520,DAVISHIGH6,LEFT,G,5,233,H,FALSE,7,8,,0
7520,DAVISHIGH6,LEFT,G,4,231,H,FALSE,7,9,,0
7520,DAVISHIGH6,LEFT,G,3,229,H,FALSE,7,10,,0
7520,DAVISHIGH6,LEFT,G,2,227,H,FALSE,7,11,,0
7520,DAVISHIGH6,LEFT,G,1,225,H,TRUE,7,12,,0
7520,DAVISHIGH6,LEFT,H,12,286,A,TRUE,8,1,,0
7520,DAVISHIGH6,LEFT,H,11,284,A,FALSE,8,2,,0
7520,DAVISHIGH6,LEFT,H,10,282,A,FALSE,8,3,,0
7520,DAVISHIGH6,LEFT,H,9,280,A,FALSE,8,4,,0
7520,DAVISHIGH6,LEFT,H,8,278,A,FALSE,8,5,,0
7520,DAVISHIGH6,LEFT,H,7,276,A,FALSE,8,6,,0
7520,DAVISHIGH6,LEFT,H,6,274,A,FALSE,8,7,,0
7520,DAVISHIGH6,LEFT,H,5,272,A,FALSE,8,8,,0
7520,DAVISHIGH6,LEFT,H,4,270,A,FALSE,8,9,,0
7520,DAVISHIGH6,LEFT,H,3,268,A,FALSE,8,10,,0
7520,DAVISHIGH6,LEFT,H,2,266,A,FALSE,8,11,,0
7520,DAVISHIGH6,LEFT,H,1,264,A,TRUE,8,12,,0
7520,DAVISHIGH6,LEFT,J,12,325,A,TRUE,9,1,,0
7520,DAVISHIGH6,LEFT,J,11,323,A,FALSE,9,2,,0
7520,DAVISHIGH6,LEFT,J,10,321,A,FALSE,9,3,,0
7520,DAVISHIGH6,LEFT,J,9,319,A,FALSE,9,4,,0
7520,DAVISHIGH6,LEFT,J,8,317,A,FALSE,9,5,,0
7520,DAVISHIGH6,LEFT,J,7,315,A,FALSE,9,6,,0
7520,DAVISHIGH6,LEFT,J,6,313,A,FALSE,9,7,,0
7520,DAVISHIGH6,LEFT,J,5,311,A,FALSE,9,8,,0
7520,DAVISHIGH6,LEFT,J,4,309,A,FALSE,9,9,,0
7520,DAVISHIGH6,LEFT,J,3,307,A,FALSE,9,10,,0
7520,DAVISHIGH6,LEFT,J,2,305,A,FALSE,9,11,,0
7520,DAVISHIGH6,LEFT,J,1,303,A,TRUE,9,12,,0
7520,DAVISHIGH6,LEFT,K,12,364,A,TRUE,10,1,,0
7520,DAVISHIGH6,LEFT,K,11,362,A,FALSE,10,2,,0
7520,DAVISHIGH6,LEFT,K,10,360,A,FALSE,10,3,,0
7520,DAVISHIGH6,LEFT,K,9,358,A,FALSE,10,4,,0
7520,DAVISHIGH6,LEFT,K,8,356,A,FALSE,10,5,,0
7520,DAVISHIGH6,LEFT,K,7,354,A,FALSE,10,6,,0
7520,DAVISHIGH6,LEFT,K,6,352,A,FALSE,10,7,,0
7520,DAVISHIGH6,LEFT,K,5,350,A,FALSE,10,8,,0
7520,DAVISHIGH6,LEFT,K,4,348,A,FALSE,10,9,,0
7520,DAVISHIGH6,LEFT,K,3,346,A,FALSE,10,10,,0
7520,DAVISHIGH6,LEFT,K,2,344,A,FALSE,10,11,,0
7520,DAVISHIGH6,LEFT,K,1,342,A,TRUE,10,12,,0
7520,DAVISHIGH6,LEFT,L,12,404,A,TRUE,11,1,,0
7520,DAVISHIGH6,LEFT,L,11,402,A,FALSE,11,2,,0
7520,DAVISHIGH6,LEFT,L,10,400,A,FALSE,11,3,,0
7520,DAVISHIGH6,LEFT,L,9,398,A,FALSE,11,4,,0
7520,DAVISHIGH6,LEFT,L,8,396,A,FALSE,11,5,,0
7520,DAVISHIGH6,LEFT,L,7,394,A,FALSE,11,6,,0
7520,DAVISHIGH6,LEFT,L,6,392,A,FALSE,11,7,,0
7520,DAVISHIGH6,LEFT,L,5,390,A,FALSE,11,8,,0
7520,DAVISHIGH6,LEFT,L,4,388,A,FALSE,11,9,,0
7520,DAVISHIGH6,LEFT,L,3,386,A,FALSE,11,10,,0
7520,DAVISHIGH6,LEFT,L,2,384,A,FALSE,11,11,,0
7520,DAVISHIGH6,LEFT,L,1,382,A,TRUE,11,12,,0
7520,DAVISHIGH6,LEFT,M,12,444,A,TRUE,12,1,,0
7520,DAVISHIGH6,LEFT,M,11,442,A,FALSE,12,2,,0
7520,DAVISHIGH6,LEFT,M,10,440,A,FALSE,12,3,,0
7520,DAVISHIGH6,LEFT,M,9,438,A,FALSE,12,4,,0
7520,DAVISHIGH6,LEFT,M,8,436,A,FALSE,12,5,,0
7520,DAVISHIGH6,LEFT,M,7,434,A,FALSE,12,6,,0
7520,DAVISHIGH6,LEFT,M,6,432,A,FALSE,12,7,,0
7520,DAVISHIGH6,LEFT,M,5,430,A,FALSE,12,8,,0
7520,DAVISHIGH6,LEFT,M,4,428,A,FALSE,12,9,,0
7520,DAVISHIGH6,LEFT,M,3,426,A,FALSE,12,10,,0
7520,DAVISHIGH6,LEFT,M,2,424,A,FALSE,12,11,,0
7520,DAVISHIGH6,LEFT,M,1,422,A,TRUE,12,12,,0
7520,DAVISHIGH6,LEFT,N,12,485,A,TRUE,13,1,,0
7520,DAVISHIGH6,LEFT,N,11,483,A,FALSE,13,2,,0
7520,DAVISHIGH6,LEFT,N,10,481,A,FALSE,13,3,,0
7520,DAVISHIGH6,LEFT,N,9,479,A,FALSE,13,4,,0
7520,DAVISHIGH6,LEFT,N,8,477,A,FALSE,13,5,,0
7520,DAVISHIGH6,LEFT,N,7,475,A,FALSE,13,6,,0
7520,DAVISHIGH6,LEFT,N,6,473,A,FALSE,13,7,,0
7520,DAVISHIGH6,LEFT,N,5,471,A,FALSE,13,8,,0
7520,DAVISHIGH6,LEFT,N,4,469,A,FALSE,13,9,,0
7520,DAVISHIGH6,LEFT,N,3,467,A,FALSE,13,10,,0
7520,DAVISHIGH6,LEFT,N,2,465,A,FALSE,13,11,,0
7520,DAVISHIGH6,LEFT,N,1,463,A,TRUE,13,12,,0
7520,DAVISHIGH6,LEFT,P,12,526,A,TRUE,14,1,,0
7520,DAVISHIGH6,LEFT,P,11,524,A,FALSE,14,2,,0
7520,DAVISHIGH6,LEFT,P,10,522,A,FALSE,14,3,,0
7520,DAVISHIGH6,LEFT,P,9,520,A,FALSE,14,4,,0
7520,DAVISHIGH6,LEFT,P,8,518,A,FALSE,14,5,,0
7520,DAVISHIGH6,LEFT,P,7,516,A,FALSE,14,6,,0
7520,DAVISHIGH6,LEFT,P,6,514,A,FALSE,14,7,,0
7520,DAVISHIGH6,LEFT,P,5,512,A,FALSE,14,8,,0
7520,DAVISHIGH6,LEFT,P,4,510,A,FALSE,14,9,,0
7520,DAVISHIGH6,LEFT,P,3,508,A,FALSE,14,10,,0
7520,DAVISHIGH6,LEFT,P,2,506,A,FALSE,14,11,,0
7520,DAVISHIGH6,LEFT,P,1,504,A,TRUE,14,12,,0
7520,DAVISHIGH6,LEFT,Q,12,548,A,TRUE,15,1,,0
7520,DAVISHIGH6,LEFT,Q,11,546,A,FALSE,15,2,,0
7520,DAVISHIGH6,LEFT,Q,10,544,A,TRUE,15,3,,0
7520,DAVISHIGH6,LEFT,Q,6,542,A,TRUE,15,7,,0
7520,DAVISHIGH6,LEFT,Q,5,540,A,TRUE,15,8,,0
7520,DAVISHIGH6,LEFT,Q,1,538,A,TRUE,15,12,,0
7520,DAVISHIGH6,RCTR,R,13,761,A,TRUE,1,1,,0
7520,DAVISHIGH6,RCTR,R,12,762,A,FALSE,1,2,,0
7520,DAVISHIGH6,RCTR,R,11,763,A,FALSE,1,3,,0
7520,DAVISHIGH6,RCTR,R,10,764,A,FALSE,1,4,,0
7520,DAVISHIGH6,RCTR,R,9,765,A,FALSE,1,5,,0
7520,DAVISHIGH6,RCTR,R,8,766,A,FALSE,1,6,,0
7520,DAVISHIGH6,RCTR,R,7,767,A,FALSE,1,7,,0
7520,DAVISHIGH6,RCTR,R,6,768,A,FALSE,1,8,,0
7520,DAVISHIGH6,RCTR,R,5,769,A,FALSE,1,9,,0
7520,DAVISHIGH6,RCTR,R,4,770,A,FALSE,1,10,,0
7520,DAVISHIGH6,RCTR,R,3,771,A,FALSE,1,11,,0
7520,DAVISHIGH6,RCTR,R,2,772,A,FALSE,1,12,,0
7520,DAVISHIGH6,RCTR,R,1,773,A,TRUE,1,13,,0
7520,DAVISHIGH6,RCTR,S,13,774,A,TRUE,2,1,,0
7520,DAVISHIGH6,RCTR,S,12,775,A,FALSE,2,2,,0
7520,DAVISHIGH6,RCTR,S,11,776,A,FALSE,2,3,,0
7520,DAVISHIGH6,RCTR,S,10,777,A,FALSE,2,4,,0
7520,DAVISHIGH6,RCTR,S,9,778,A,FALSE,2,5,,0
7520,DAVISHIGH6,RCTR,S,8,779,A,FALSE,2,6,,0
7520,DAVISHIGH6,RCTR,S,7,780,A,FALSE,2,7,,0
7520,DAVISHIGH6,RCTR,S,6,781,A,FALSE,2,8,,0
7520,DAVISHIGH6,RCTR,S,5,782,A,FALSE,2,9,,0
7520,DAVISHIGH6,RCTR,S,4,783,A,FALSE,2,10,,0
7520,DAVISHIGH6,RCTR,S,3,784,A,FALSE,2,11,,0
7520,DAVISHIGH6,RCTR,S,2,785,A,FALSE,2,12,,0
7520,DAVISHIGH6,RCTR,S,1,786,A,TRUE,2,13,,0
7520,DAVISHIGH6,RCTR,T,13,787,A,TRUE,3,1,,0
7520,DAVISHIGH6,RCTR,T,12,788,A,FALSE,3,2,,0
7520,DAVISHIGH6,RCTR,T,11,789,A,FALSE,3,3,,0
7520,DAVISHIGH6,RCTR,T,10,790,A,FALSE,3,4,,0
7520,DAVISHIGH6,RCTR,T,9,791,A,FALSE,3,5,,0
7520,DAVISHIGH6,RCTR,T,8,792,A,FALSE,3,6,,0
7520,DAVISHIGH6,RCTR,T,7,793,A,FALSE,3,7,,0
7520,DAVISHIGH6,RCTR,T,6,794,A,FALSE,3,8,,0
7520,DAVISHIGH6,RCTR,T,5,795,A,FALSE,3,9,,0
7520,DAVISHIGH6,RCTR,T,4,796,A,FALSE,3,10,,0
7520,DAVISHIGH6,RCTR,T,3,797,A,FALSE,3,11,,0
7520,DAVISHIGH6,RCTR,T,2,798,A,FALSE,3,12,,0
7520,DAVISHIGH6,RCTR,T,1,799,A,TRUE,3,13,,0
7520,DAVISHIGH6,RCTR,U,13,800,A,TRUE,4,1,,0
7520,DAVISHIGH6,RCTR,U,12,801,A,FALSE,4,2,,0
7520,DAVISHIGH6,RCTR,U,11,802,A,FALSE,4,3,,0
7520,DAVISHIGH6,RCTR,U,10,803,A,FALSE,4,4,,0
7520,DAVISHIGH6,RCTR,U,9,804,A,FALSE,4,5,,0
7520,DAVISHIGH6,RCTR,U,8,805,A,FALSE,4,6,,0
7520,DAVISHIGH6,RCTR,U,7,806,A,FALSE,4,7,,0
7520,DAVISHIGH6,RCTR,U,6,807,A,FALSE,4,8,,0
7520,DAVISHIGH6,RCTR,U,5,808,A,FALSE,4,9,,0
7520,DAVISHIGH6,RCTR,U,4,809,A,FALSE,4,10,,0
7520,DAVISHIGH6,RCTR,U,3,810,A,FALSE,4,11,,0
7520,DAVISHIGH6,RCTR,U,2,811,A,FALSE,4,12,,0
7520,DAVISHIGH6,RCTR,U,1,812,A,TRUE,4,13,,0
7520,DAVISHIGH6,RCTR,V,13,813,A,TRUE,5,1,,0
7520,DAVISHIGH6,RCTR,V,12,814,A,FALSE,5,2,,0
7520,DAVISHIGH6,RCTR,V,11,815,A,FALSE,5,3,,0
7520,DAVISHIGH6,RCTR,V,10,816,A,FALSE,5,4,,0
7520,DAVISHIGH6,RCTR,V,9,817,A,FALSE,5,5,,0
7520,DAVISHIGH6,RCTR,V,8,818,A,FALSE,5,6,,0
7520,DAVISHIGH6,RCTR,V,7,819,A,FALSE,5,7,,0
7520,DAVISHIGH6,RCTR,V,6,820,A,FALSE,5,8,,0
7520,DAVISHIGH6,RCTR,V,5,821,A,FALSE,5,9,,0
7520,DAVISHIGH6,RCTR,V,4,822,A,FALSE,5,10,,0
7520,DAVISHIGH6,RCTR,V,3,823,A,FALSE,5,11,,0
7520,DAVISHIGH6,RCTR,V,2,824,A,FALSE,5,12,,0
7520,DAVISHIGH6,RCTR,V,1,825,A,TRUE,5,13,,0
7520,DAVISHIGH6,RCTR,W,13,826,A,TRUE,6,1,,0
7520,DAVISHIGH6,RCTR,W,12,827,A,FALSE,6,2,,0
7520,DAVISHIGH6,RCTR,W,11,828,A,FALSE,6,3,,0
7520,DAVISHIGH6,RCTR,W,10,829,A,FALSE,6,4,,0
7520,DAVISHIGH6,RCTR,W,9,830,A,FALSE,6,5,,0
7520,DAVISHIGH6,RCTR,W,8,831,A,FALSE,6,6,,0
7520,DAVISHIGH6,RCTR,W,7,832,A,FALSE,6,7,,0
7520,DAVISHIGH6,RCTR,W,6,833,A,FALSE,6,8,,0
7520,DAVISHIGH6,RCTR,W,5,834,A,FALSE,6,9,,0
7520,DAVISHIGH6,RCTR,W,4,835,A,FALSE,6,10,,0
7520,DAVISHIGH6,RCTR,W,3,836,A,FALSE,6,11,,0
7520,DAVISHIGH6,RCTR,W,2,837,A,FALSE,6,12,,0
7520,DAVISHIGH6,RCTR,W,1,838,A,TRUE,6,13,,0
7520,DAVISHIGH6,RCTR,X,13,839,A,TRUE,7,1,,0
7520,DAVISHIGH6,RCTR,X,12,840,A,FALSE,7,2,,0
7520,DAVISHIGH6,RCTR,X,11,841,A,FALSE,7,3,,0
7520,DAVISHIGH6,RCTR,X,10,842,A,FALSE,7,4,,0
7520,DAVISHIGH6,RCTR,X,9,843,A,FALSE,7,5,,0
7520,DAVISHIGH6,RCTR,X,8,844,A,FALSE,7,6,,0
7520,DAVISHIGH6,RCTR,X,7,845,A,FALSE,7,7,,0
7520,DAVISHIGH6,RCTR,X,6,846,A,FALSE,7,8,,0
7520,DAVISHIGH6,RCTR,X,5,847,A,FALSE,7,9,,0
7520,DAVISHIGH6,RCTR,X,4,848,A,FALSE,7,10,,0
7520,DAVISHIGH6,RCTR,X,3,849,A,FALSE,7,11,,0
7520,DAVISHIGH6,RCTR,X,2,850,A,FALSE,7,12,,0
7520,DAVISHIGH6,RCTR,X,1,851,A,TRUE,7,13,,0
7520,DAVISHIGH6,RCTR,Y,13,852,A,TRUE,8,1,,0
7520,DAVISHIGH6,RCTR,Y,12,853,A,FALSE,8,2,,0
7520,DAVISHIGH6,RCTR,Y,11,854,A,FALSE,8,3,,0
7520,DAVISHIGH6,RCTR,Y,10,855,A,FALSE,8,4,,0
7520,DAVISHIGH6,RCTR,Y,9,856,A,FALSE,8,5,,0
7520,DAVISHIGH6,RCTR,Y,8,857,A,FALSE,8,6,,0
7520,DAVISHIGH6,RCTR,Y,7,858,A,FALSE,8,7,,0
7520,DAVISHIGH6,RCTR,Y,6,859,A,FALSE,8,8,,0
7520,DAVISHIGH6,RCTR,Y,5,860,A,FALSE,8,9,,0
7520,DAVISHIGH6,RCTR,Y,4,861,A,FALSE,8,10,,0
7520,DAVISHIGH6,RCTR,Y,3,862,A,FALSE,8,11,,0
7520,DAVISHIGH6,RCTR,Y,2,863,A,FALSE,8,12,,0
7520,DAVISHIGH6,RCTR,Y,1,864,A,TRUE,8,13,,0
7520,DAVISHIGH6,RCTR,Z,13,865,A,TRUE,9,1,,0
7520,DAVISHIGH6,RCTR,Z,12,866,A,FALSE,9,2,,0
7520,DAVISHIGH6,RCTR,Z,11,867,A,FALSE,9,3,,0
7520,DAVISHIGH6,RCTR,Z,10,868,A,FALSE,9,4,,0
7520,DAVISHIGH6,RCTR,Z,9,869,A,FALSE,9,5,,0
7520,DAVISHIGH6,RCTR,Z,8,870,A,FALSE,9,6,,0
7520,DAVISHIGH6,RCTR,Z,7,871,A,FALSE,9,7,,0
7520,DAVISHIGH6,RCTR,Z,6,872,A,FALSE,9,8,,0
7520,DAVISHIGH6,RCTR,Z,5,873,A,FALSE,9,9,,0
7520,DAVISHIGH6,RCTR,Z,4,874,A,FALSE,9,10,,0
7520,DAVISHIGH6,RCTR,Z,3,875,A,FALSE,9,11,,0
7520,DAVISHIGH6,RCTR,Z,2,876,A,FALSE,9,12,,0
7520,DAVISHIGH6,RCTR,Z,1,877,A,TRUE,9,13,,0
7520,DAVISHIGH6,RCTR,AA,13,878,A,TRUE,10,1,,0
7520,DAVISHIGH6,RCTR,AA,12,879,A,FALSE,10,2,,0
7520,DAVISHIGH6,RCTR,AA,11,880,A,FALSE,10,3,,0
7520,DAVISHIGH6,RCTR,AA,10,881,A,FALSE,10,4,,0
7520,DAVISHIGH6,RCTR,AA,9,882,A,FALSE,10,5,,0
7520,DAVISHIGH6,RCTR,AA,8,883,A,FALSE,10,6,,0
7520,DAVISHIGH6,RCTR,AA,7,884,A,FALSE,10,7,,0
7520,DAVISHIGH6,RCTR,AA,6,885,A,FALSE,10,8,,0
7520,DAVISHIGH6,RCTR,AA,5,886,A,FALSE,10,9,,0
7520,DAVISHIGH6,RCTR,AA,4,887,A,FALSE,10,10,,0
7520,DAVISHIGH6,RCTR,AA,3,888,A,FALSE,10,11,,0
7520,DAVISHIGH6,RCTR,AA,2,889,A,FALSE,10,12,,0
7520,DAVISHIGH6,RCTR,AA,1,890,A,TRUE,10,13,,0
7520,DAVISHIGH6,RCTR,BB,13,891,A,TRUE,11,1,,0
7520,DAVISHIGH6,RCTR,BB,12,892,A,FALSE,11,2,,0
7520,DAVISHIGH6,RCTR,BB,11,893,A,FALSE,11,3,,0
7520,DAVISHIGH6,RCTR,BB,10,894,A,FALSE,11,4,,0
7520,DAVISHIGH6,RCTR,BB,9,895,A,FALSE,11,5,,0
7520,DAVISHIGH6,RCTR,BB,8,896,A,FALSE,11,6,,0
7520,DAVISHIGH6,RCTR,BB,7,897,A,FALSE,11,7,,0
7520,DAVISHIGH6,RCTR,BB,6,898,A,FALSE,11,8,,0
7520,DAVISHIGH6,RCTR,BB,5,899,A,FALSE,11,9,,0
7520,DAVISHIGH6,RCTR,BB,4,900,A,FALSE,11,10,,0
7520,DAVISHIGH6,RCTR,BB,3,901,A,FALSE,11,11,,0
7520,DAVISHIGH6,RCTR,BB,2,902,A,FALSE,11,12,,0
7520,DAVISHIGH6,RCTR,BB,1,903,A,TRUE,11,13,,0
7520,DAVISHIGH6,RCTR,CC,12,904,A,TRUE,12,2,,0
7520,DAVISHIGH6,RCTR,CC,11,905,A,FALSE,12,3,,0
7520,DAVISHIGH6,RCTR,CC,10,906,A,FALSE,12,4,,0
7520,DAVISHIGH6,RCTR,CC,9,907,A,FALSE,12,5,,0
7520,DAVISHIGH6,RCTR,CC,8,908,A,FALSE,12,6,,0
7520,DAVISHIGH6,RCTR,CC,7,909,A,FALSE,12,7,,0
7520,DAVISHIGH6,RCTR,CC,6,910,A,FALSE,12,8,,0
7520,DAVISHIGH6,RCTR,CC,5,911,A,FALSE,12,9,,0
7520,DAVISHIGH6,RCTR,CC,4,912,A,FALSE,12,10,,0
7520,DAVISHIGH6,RCTR,CC,3,913,A,FALSE,12,11,,0
7520,DAVISHIGH6,RCTR,CC,2,914,A,FALSE,12,12,,0
7520,DAVISHIGH6,RCTR,CC,1,915,A,TRUE,12,13,,0
7520,DAVISHIGH6,RCTR,DD,12,916,A,TRUE,13,2,,0
7520,DAVISHIGH6,RCTR,DD,11,917,A,FALSE,13,3,,0
7520,DAVISHIGH6,RCTR,DD,10,918,A,FALSE,13,4,,0
7520,DAVISHIGH6,RCTR,DD,9,919,A,FALSE,13,5,,0
7520,DAVISHIGH6,RCTR,DD,8,920,A,FALSE,13,6,,0
7520,DAVISHIGH6,RCTR,DD,7,921,A,FALSE,13,7,,0
7520,DAVISHIGH6,RCTR,DD,6,922,A,FALSE,13,8,,0
7520,DAVISHIGH6,RCTR,DD,5,923,A,FALSE,13,9,,0
7520,DAVISHIGH6,RCTR,DD,4,924,A,FALSE,13,10,,0
7520,DAVISHIGH6,RCTR,DD,3,925,A,FALSE,13,11,,0
7520,DAVISHIGH6,RCTR,DD,2,926,A,FALSE,13,12,,0
7520,DAVISHIGH6,RCTR,DD,1,927,A,TRUE,13,13,,0
7520,DAVISHIGH6,RCTR,EE,12,928,A,TRUE,14,2,,0
7520,DAVISHIGH6,RCTR,EE,11,929,A,FALSE,14,3,,0
7520,DAVISHIGH6,RCTR,EE,10,930,A,FALSE,14,4,,0
7520,DAVISHIGH6,RCTR,EE,9,931,A,FALSE,14,5,,0
7520,DAVISHIGH6,RCTR,EE,8,932,A,FALSE,14,6,,0
7520,DAVISHIGH6,RCTR,EE,7,933,A,FALSE,14,7,,0
7520,DAVISHIGH6,RCTR,EE,6,934,A,FALSE,14,8,,0
7520,DAVISHIGH6,RCTR,EE,5,935,A,FALSE,14,9,,0
7520,DAVISHIGH6,RCTR,EE,4,936,A,FALSE,14,10,,0
7520,DAVISHIGH6,RCTR,EE,3,937,A,FALSE,14,11,,0
7520,DAVISHIGH6,RCTR,EE,2,938,A,FALSE,14,12,,0
7520,DAVISHIGH6,RCTR,EE,1,939,A,TRUE,14,13,,0
7520,DAVISHIGH6,RCTR,FF,12,940,A,TRUE,15,2,,0
7520,DAVISHIGH6,RCTR,FF,11,941,A,FALSE,15,3,,0
7520,DAVISHIGH6,RCTR,FF,10,942,A,FALSE,15,4,,0
7520,DAVISHIGH6,RCTR,FF,9,943,A,FALSE,15,5,,0
7520,DAVISHIGH6,RCTR,FF,8,944,A,FALSE,15,6,,0
7520,DAVISHIGH6,RCTR,FF,7,945,A,FALSE,15,7,,0
7520,DAVISHIGH6,RCTR,FF,6,946,A,FALSE,15,8,,0
7520,DAVISHIGH6,RCTR,FF,5,947,A,FALSE,15,9,,0
7520,DAVISHIGH6,RCTR,FF,4,948,A,FALSE,15,10,,0
7520,DAVISHIGH6,RCTR,FF,3,949,A,FALSE,15,11,,0
7520,DAVISHIGH6,RCTR,FF,2,950,A,FALSE,15,12,,0
7520,DAVISHIGH6,RCTR,FF,1,951,A,TRUE,15,13,,0
7520,DAVISHIGH6,RCTR,GG,12,952,A,TRUE,16,2,,0
7520,DAVISHIGH6,RCTR,GG,11,953,A,FALSE,16,3,,0
7520,DAVISHIGH6,RCTR,GG,10,954,A,FALSE,16,4,,0
7520,DAVISHIGH6,RCTR,GG,9,955,A,FALSE,16,5,,0
7520,DAVISHIGH6,RCTR,GG,8,956,A,FALSE,16,6,,0
7520,DAVISHIGH6,RCTR,GG,7,957,A,FALSE,16,7,,0
7520,DAVISHIGH6,RCTR,GG,6,958,A,FALSE,16,8,,0
7520,DAVISHIGH6,RCTR,GG,5,959,A,FALSE,16,9,,0
7520,DAVISHIGH6,RCTR,GG,4,960,A,FALSE,16,10,,0
7520,DAVISHIGH6,RCTR,GG,3,961,A,FALSE,16,11,,0
7520,DAVISHIGH6,RCTR,GG,2,962,A,FALSE,16,12,,0
7520,DAVISHIGH6,RCTR,GG,1,963,A,TRUE,16,13,,0
7520,DAVISHIGH6,RIGHT,A,9,14,H,TRUE,1,3,,0
7520,DAVISHIGH6,RIGHT,A,8,16,H,FALSE,1,4,,0
7520,DAVISHIGH6,RIGHT,A,7,18,H,FALSE,1,5,,0
7520,DAVISHIGH6,RIGHT,A,6,20,A,FALSE,1,6,,0
7520,DAVISHIGH6,RIGHT,A,5,22,A,FALSE,1,7,,0
7520,DAVISHIGH6,RIGHT,A,4,24,A,FALSE,1,8,,0
7520,DAVISHIGH6,RIGHT,A,3,26,A,FALSE,1,9,,0
7520,DAVISHIGH6,RIGHT,A,2,28,A,FALSE,1,10,,0
7520,DAVISHIGH6,RIGHT,A,1,30,A,TRUE,1,11,,0
7520,DAVISHIGH6,RIGHT,B,11,45,A,TRUE,2,1,,0
7520,DAVISHIGH6,RIGHT,B,10,47,A,FALSE,2,2,,0
7520,DAVISHIGH6,RIGHT,B,9,49,A,FALSE,2,3,,0
7520,DAVISHIGH6,RIGHT,B,8,51,A,FALSE,2,4,,0
7520,DAVISHIGH6,RIGHT,B,7,53,A,FALSE,2,5,,0
7520,DAVISHIGH6,RIGHT,B,6,55,A,FALSE,2,6,,0
7520,DAVISHIGH6,RIGHT,B,5,57,A,FALSE,2,7,,0
7520,DAVISHIGH6,RIGHT,B,4,59,A,FALSE,2,8,,0
7520,DAVISHIGH6,RIGHT,B,3,61,A,FALSE,2,9,,0
7520,DAVISHIGH6,RIGHT,B,2,63,A,FALSE,2,10,,0
7520,DAVISHIGH6,RIGHT,B,1,65,A,TRUE,2,11,,0
7520,DAVISHIGH6,RIGHT,C,11,80,A,TRUE,3,1,,0
7520,DAVISHIGH6,RIGHT,C,10,82,A,FALSE,3,2,,0
7520,DAVISHIGH6,RIGHT,C,9,84,A,FALSE,3,3,,0
7520,DAVISHIGH6,RIGHT,C,8,86,A,FALSE,3,4,,0
7520,DAVISHIGH6,RIGHT,C,7,88,A,FALSE,3,5,,0
7520,DAVISHIGH6,RIGHT,C,6,90,A,FALSE,3,6,,0
7520,DAVISHIGH6,RIGHT,C,5,92,A,FALSE,3,7,,0
7520,DAVISHIGH6,RIGHT,C,4,94,A,FALSE,3,8,,0
7520,DAVISHIGH6,RIGHT,C,3,96,A,FALSE,3,9,,0
7520,DAVISHIGH6,RIGHT,C,2,98,A,FALSE,3,10,,0
7520,DAVISHIGH6,RIGHT,C,1,100,A,TRUE,3,11,,0
7520,DAVISHIGH6,RIGHT,D,11,115,A,TRUE,4,1,,0
7520,DAVISHIGH6,RIGHT,D,10,117,A,FALSE,4,2,,0
7520,DAVISHIGH6,RIGHT,D,9,119,A,FALSE,4,3,,0
7520,DAVISHIGH6,RIGHT,D,8,121,A,FALSE,4,4,,0
7520,DAVISHIGH6,RIGHT,D,7,123,A,FALSE,4,5,,0
7520,DAVISHIGH6,RIGHT,D,6,125,A,FALSE,4,6,,0
7520,DAVISHIGH6,RIGHT,D,5,127,A,FALSE,4,7,,0
7520,DAVISHIGH6,RIGHT,D,4,129,A,FALSE,4,8,,0
7520,DAVISHIGH6,RIGHT,D,3,131,A,FALSE,4,9,,0
7520,DAVISHIGH6,RIGHT,D,2,133,A,FALSE,4,10,,0
7520,DAVISHIGH6,RIGHT,D,1,135,A,TRUE,4,11,,0
7520,DAVISHIGH6,RIGHT,E,11,151,A,TRUE,5,1,,0
7520,DAVISHIGH6,RIGHT,E,10,153,A,FALSE,5,2,,0
7520,DAVISHIGH6,RIGHT,E,9,155,A,FALSE,5,3,,0
7520,DAVISHIGH6,RIGHT,E,8,157,A,FALSE,5,4,,0
7520,DAVISHIGH6,RIGHT,E,7,159,A,FALSE,5,5,,0
7520,DAVISHIGH6,RIGHT,E,6,161,A,FALSE,5,6,,0
7520,DAVISHIGH6,RIGHT,E,5,163,A,FALSE,5,7,,0
7520,DAVISHIGH6,RIGHT,E,4,165,A,FALSE,5,8,,0
7520,DAVISHIGH6,RIGHT,E,3,167,A,FALSE,5,9,,0
7520,DAVISHIGH6,RIGHT,E,2,169,A,FALSE,5,10,,0
7520,DAVISHIGH6,RIGHT,E,1,171,A,TRUE,5,11,,0
7520,DAVISHIGH6,RIGHT,F,12,187,A,TRUE,6,1,,0
7520,DAVISHIGH6,RIGHT,F,11,189,A,FALSE,6,2,,0
7520,DAVISHIGH6,RIGHT,F,10,191,A,FALSE,6,3,,0
7520,DAVISHIGH6,RIGHT,F,9,193,A,FALSE,6,4,,0
7520,DAVISHIGH6,RIGHT,F,8,195,A,FALSE,6,5,,0
7520,DAVISHIGH6,RIGHT,F,7,197,A,FALSE,6,6,,0
7520,DAVISHIGH6,RIGHT,F,6,199,A,FALSE,6,7,,0
7520,DAVISHIGH6,RIGHT,F,5,201,A,FALSE,6,8,,0
7520,DAVISHIGH6,RIGHT,F,4,203,A,FALSE,6,9,,0
7520,DAVISHIGH6,RIGHT,F,3,205,A,FALSE,6,10,,0
7520,DAVISHIGH6,RIGHT,F,2,207,A,FALSE,6,11,,0
7520,DAVISHIGH6,RIGHT,F,1,209,A,TRUE,6,12,,0
7520,DAVISHIGH6,RIGHT,G,12,226,A,TRUE,7,1,,0
7520,DAVISHIGH6,RIGHT,G,11,228,A,FALSE,7,2,,0
7520,DAVISHIGH6,RIGHT,G,10,230,A,FALSE,7,3,,0
7520,DAVISHIGH6,RIGHT,G,9,232,A,FALSE,7,4,,0
7520,DAVISHIGH6,RIGHT,G,8,234,A,FALSE,7,5,,0
7520,DAVISHIGH6,RIGHT,G,7,236,A,FALSE,7,6,,0
7520,DAVISHIGH6,RIGHT,G,6,238,A,FALSE,7,7,,0
7520,DAVISHIGH6,RIGHT,G,5,240,A,FALSE,7,8,,0
7520,DAVISHIGH6,RIGHT,G,4,242,A,FALSE,7,9,,0
7520,DAVISHIGH6,RIGHT,G,3,244,A,FALSE,7,10,,0
7520,DAVISHIGH6,RIGHT,G,2,246,A,FALSE,7,11,,0
7520,DAVISHIGH6,RIGHT,G,1,248,A,TRUE,7,12,,0
7520,DAVISHIGH6,RIGHT,H,12,265,A,TRUE,8,1,,0
7520,DAVISHIGH6,RIGHT,H,11,267,A,FALSE,8,2,,0
7520,DAVISHIGH6,RIGHT,H,10,269,A,FALSE,8,3,,0
7520,DAVISHIGH6,RIGHT,H,9,271,A,FALSE,8,4,,0
7520,DAVISHIGH6,RIGHT,H,8,273,A,FALSE,8,5,,0
7520,DAVISHIGH6,RIGHT,H,7,275,A,FALSE,8,6,,0
7520,DAVISHIGH6,RIGHT,H,6,277,A,FALSE,8,7,,0
7520,DAVISHIGH6,RIGHT,H,5,279,A,FALSE,8,8,,0
7520,DAVISHIGH6,RIGHT,H,4,281,A,FALSE,8,9,,0
7520,DAVISHIGH6,RIGHT,H,3,283,A,FALSE,8,10,,0
7520,DAVISHIGH6,RIGHT,H,2,285,A,FALSE,8,11,,0
7520,DAVISHIGH6,RIGHT,H,1,287,A,TRUE,8,12,,0
7520,DAVISHIGH6,RIGHT,J,12,304,A,TRUE,9,1,,0
7520,DAVISHIGH6,RIGHT,J,11,306,A,FALSE,9,2,,0
7520,DAVISHIGH6,RIGHT,J,10,308,A,FALSE,9,3,,0
7520,DAVISHIGH6,RIGHT,J,9,310,A,FALSE,9,4,,0
7520,DAVISHIGH6,RIGHT,J,8,312,A,FALSE,9,5,,0
7520,DAVISHIGH6,RIGHT,J,7,314,A,FALSE,9,6,,0
7520,DAVISHIGH6,RIGHT,J,6,316,A,FALSE,9,7,,0
7520,DAVISHIGH6,RIGHT,J,5,318,A,FALSE,9,8,,0
7520,DAVISHIGH6,RIGHT,J,4,320,A,FALSE,9,9,,0
7520,DAVISHIGH6,RIGHT,J,3,322,A,FALSE,9,10,,0
7520,DAVISHIGH6,RIGHT,J,2,324,A,FALSE,9,11,,0
7520,DAVISHIGH6,RIGHT,J,1,326,A,TRUE,9,12,,0
7520,DAVISHIGH6,RIGHT,K,12,343,A,TRUE,10,1,,0
7520,DAVISHIGH6,RIGHT,K,11,345,A,FALSE,10,2,,0
7520,DAVISHIGH6,RIGHT,K,10,347,A,FALSE,10,3,,0
7520,DAVISHIGH6,RIGHT,K,9,349,A,FALSE,10,4,,0
7520,DAVISHIGH6,RIGHT,K,8,351,A,FALSE,10,5,,0
7520,DAVISHIGH6,RIGHT,K,7,353,A,FALSE,10,6,,0
7520,DAVISHIGH6,RIGHT,K,6,355,A,FALSE,10,7,,0
7520,DAVISHIGH6,RIGHT,K,5,357,A,FALSE,10,8,,0
7520,DAVISHIGH6,RIGHT,K,4,359,A,FALSE,10,9,,0
7520,DAVISHIGH6,RIGHT,K,3,361,A,FALSE,10,10,,0
7520,DAVISHIGH6,RIGHT,K,2,363,A,FALSE,10,11,,0
7520,DAVISHIGH6,RIGHT,K,1,365,A,TRUE,10,12,,0
7520,DAVISHIGH6,RIGHT,L,12,383,A,TRUE,11,1,,0
7520,DAVISHIGH6,RIGHT,L,11,385,A,FALSE,11,2,,0
7520,DAVISHIGH6,RIGHT,L,10,387,A,FALSE,11,3,,0
7520,DAVISHIGH6,RIGHT,L,9,389,A,FALSE,11,4,,0
7520,DAVISHIGH6,RIGHT,L,8,391,A,FALSE,11,5,,0
7520,DAVISHIGH6,RIGHT,L,7,393,A,FALSE,11,6,,0
7520,DAVISHIGH6,RIGHT,L,6,395,A,FALSE,11,7,,0
7520,DAVISHIGH6,RIGHT,L,5,397,A,FALSE,11,8,,0
7520,DAVISHIGH6,RIGHT,L,4,399,A,FALSE,11,9,,0
7520,DAVISHIGH6,RIGHT,L,3,401,A,FALSE,11,10,,0
7520,DAVISHIGH6,RIGHT,L,2,403,A,FALSE,11,11,,0
7520,DAVISHIGH6,RIGHT,L,1,405,A,TRUE,11,12,,0
7520,DAVISHIGH6,RIGHT,M,12,423,H,TRUE,12,1,,0
7520,DAVISHIGH6,RIGHT,M,11,425,H,FALSE,12,2,,0
7520,DAVISHIGH6,RIGHT,M,10,427,H,FALSE,12,3,,0
7520,DAVISHIGH6,RIGHT,M,9,429,H,FALSE,12,4,,0
7520,DAVISHIGH6,RIGHT,M,8,431,H,FALSE,12,5,,0
7520,DAVISHIGH6,RIGHT,M,7,433,A,FALSE,12,6,,0
7520,DAVISHIGH6,RIGHT,M,6,435,A,FALSE,12,7,,0
7520,DAVISHIGH6,RIGHT,M,5,437,A,FALSE,12,8,,0
7520,DAVISHIGH6,RIGHT,M,4,439,A,FALSE,12,9,,0
7520,DAVISHIGH6,RIGHT,M,3,441,A,FALSE,12,10,,0
7520,DAVISHIGH6,RIGHT,M,2,443,A,FALSE,12,11,,0
7520,DAVISHIGH6,RIGHT,M,1,445,A,TRUE,12,12,,0
7520,DAVISHIGH6,RIGHT,N,12,464,A,TRUE,13,1,,0
7520,DAVISHIGH6,RIGHT,N,11,466,A,FALSE,13,2,,0
7520,DAVISHIGH6,RIGHT,N,10,468,A,FALSE,13,3,,0
7520,DAVISHIGH6,RIGHT,N,9,470,A,FALSE,13,4,,0
7520,DAVISHIGH6,RIGHT,N,8,472,A,FALSE,13,5,,0
7520,DAVISHIGH6,RIGHT,N,7,474,A,FALSE,13,6,,0
7520,DAVISHIGH6,RIGHT,N,6,476,A,FALSE,13,7,,0
7520,DAVISHIGH6,RIGHT,N,5,478,A,FALSE,13,8,,0
7520,DAVISHIGH6,RIGHT,N,4,480,A,FALSE,13,9,,0
7520,DAVISHIGH6,RIGHT,N,3,482,A,FALSE,13,10,,0
7520,DAVISHIGH6,RIGHT,N,2,484,A,FALSE,13,11,,0
7520,DAVISHIGH6,RIGHT,N,1,486,A,TRUE,13,12,,0
7520,DAVISHIGH6,RIGHT,P,12,505,A,TRUE,14,1,,0
7520,DAVISHIGH6,RIGHT,P,11,507,A,FALSE,14,2,,0
7520,DAVISHIGH6,RIGHT,P,10,509,A,FALSE,14,3,,0
7520,DAVISHIGH6,RIGHT,P,9,511,A,FALSE,14,4,,0
7520,DAVISHIGH6,RIGHT,P,8,513,A,FALSE,14,5,,0
7520,DAVISHIGH6,RIGHT,P,7,515,A,FALSE,14,6,,0
7520,DAVISHIGH6,RIGHT,P,6,517,A,FALSE,14,7,,0
7520,DAVISHIGH6,RIGHT,P,5,519,A,FALSE,14,8,,0
7520,DAVISHIGH6,RIGHT,P,4,521,A,FALSE,14,9,,0
7520,DAVISHIGH6,RIGHT,P,3,523,A,FALSE,14,10,,0
7520,DAVISHIGH6,RIGHT,P,2,525,A,FALSE,14,11,,0
7520,DAVISHIGH6,RIGHT,P,1,527,A,TRUE,14,12,,0
7520,DAVISHIGH6,RIGHT,Q,12,539,A,TRUE,15,1,,0
7520,DAVISHIGH6,RIGHT,Q,8,541,A,TRUE,15,5,,0
7520,DAVISHIGH6,RIGHT,Q,7,543,A,TRUE,15,6,,0
7520,DAVISHIGH6,RIGHT,Q,3,545,A,TRUE,15,10,,0
7520,DAVISHIGH6,RIGHT,Q,2,547,A,FALSE,15,11,,0
7520,DAVISHIGH6,RIGHT,Q,1,549,A,TRUE,15,12,,0
7520,DAVISHIGH6,RLFT,R,14,549,A,TRUE,1,1,,0
7520,DAVISHIGH6,RLFT,R,13,550,A,FALSE,1,2,,0
7520,DAVISHIGH6,RLFT,R,12,551,A,FALSE,1,3,,0
7520,DAVISHIGH6,RLFT,R,11,552,A,FALSE,1,4,,0
7520,DAVISHIGH6,RLFT,R,10,553,A,FALSE,1,5,,0
7520,DAVISHIGH6,RLFT,R,9,554,A,FALSE,1,6,,0
7520,DAVISHIGH6,RLFT,R,8,555,A,FALSE,1,7,,0
7520,DAVISHIGH6,RLFT,R,7,556,A,FALSE,1,8,,0
7520,DAVISHIGH6,RLFT,R,6,557,A,FALSE,1,9,,0
7520,DAVISHIGH6,RLFT,R,5,558,A,FALSE,1,10,,0
7520,DAVISHIGH6,RLFT,R,4,559,A,FALSE,1,11,,0
7520,DAVISHIGH6,RLFT,R,3,560,A,FALSE,1,12,,0
7520,DAVISHIGH6,RLFT,R,2,561,A,FALSE,1,13,,0
7520,DAVISHIGH6,RLFT,R,1,562,A,TRUE,1,14,,0
7520,DAVISHIGH6,RLFT,S,14,563,A,TRUE,2,1,,0
7520,DAVISHIGH6,RLFT,S,13,564,A,FALSE,2,2,,0
7520,DAVISHIGH6,RLFT,S,12,565,A,FALSE,2,3,,0
7520,DAVISHIGH6,RLFT,S,11,566,A,FALSE,2,4,,0
7520,DAVISHIGH6,RLFT,S,10,567,A,FALSE,2,5,,0
7520,DAVISHIGH6,RLFT,S,9,568,A,FALSE,2,6,,0
7520,DAVISHIGH6,RLFT,S,8,569,A,FALSE,2,7,,0
7520,DAVISHIGH6,RLFT,S,7,570,A,FALSE,2,8,,0
7520,DAVISHIGH6,RLFT,S,6,571,A,FALSE,2,9,,0
7520,DAVISHIGH6,RLFT,S,5,572,A,FALSE,2,10,,0
7520,DAVISHIGH6,RLFT,S,4,573,A,FALSE,2,11,,0
7520,DAVISHIGH6,RLFT,S,3,574,A,FALSE,2,12,,0
7520,DAVISHIGH6,RLFT,S,2,575,A,FALSE,2,13,,0
7520,DAVISHIGH6,RLFT,S,1,576,A,TRUE,2,14,,0
7520,DAVISHIGH6,RLFT,T,14,577,A,TRUE,3,1,,0
7520,DAVISHIGH6,RLFT,T,13,578,A,FALSE,3,2,,0
7520,DAVISHIGH6,RLFT,T,12,579,A,FALSE,3,3,,0
7520,DAVISHIGH6,RLFT,T,11,580,A,FALSE,3,4,,0
7520,DAVISHIGH6,RLFT,T,10,581,A,FALSE,3,5,,0
7520,DAVISHIGH6,RLFT,T,9,582,A,FALSE,3,6,,0
7520,DAVISHIGH6,RLFT,T,8,583,A,FALSE,3,7,,0
7520,DAVISHIGH6,RLFT,T,7,584,A,FALSE,3,8,,0
7520,DAVISHIGH6,RLFT,T,6,585,A,FALSE,3,9,,0
7520,DAVISHIGH6,RLFT,T,5,586,A,FALSE,3,10,,0
7520,DAVISHIGH6,RLFT,T,4,587,A,FALSE,3,11,,0
7520,DAVISHIGH6,RLFT,T,3,588,A,FALSE,3,12,,0
7520,DAVISHIGH6,RLFT,T,2,589,A,FALSE,3,13,,0
7520,DAVISHIGH6,RLFT,T,1,590,A,TRUE,3,14,,0
7520,DAVISHIGH6,RLFT,U,14,591,A,TRUE,4,1,,0
7520,DAVISHIGH6,RLFT,U,13,592,A,FALSE,4,2,,0
7520,DAVISHIGH6,RLFT,U,12,593,A,FALSE,4,3,,0
7520,DAVISHIGH6,RLFT,U,11,594,A,FALSE,4,4,,0
7520,DAVISHIGH6,RLFT,U,10,595,A,FALSE,4,5,,0
7520,DAVISHIGH6,RLFT,U,9,596,A,FALSE,4,6,,0
7520,DAVISHIGH6,RLFT,U,8,597,A,FALSE,4,7,,0
7520,DAVISHIGH6,RLFT,U,7,598,A,FALSE,4,8,,0
7520,DAVISHIGH6,RLFT,U,6,599,A,FALSE,4,9,,0
7520,DAVISHIGH6,RLFT,U,5,600,A,FALSE,4,10,,0
7520,DAVISHIGH6,RLFT,U,4,601,A,FALSE,4,11,,0
7520,DAVISHIGH6,RLFT,U,3,602,A,FALSE,4,12,,0
7520,DAVISHIGH6,RLFT,U,2,603,A,FALSE,4,13,,0
7520,DAVISHIGH6,RLFT,U,1,604,A,TRUE,4,14,,0
7520,DAVISHIGH6,RLFT,V,14,605,A,TRUE,5,1,,0
7520,DAVISHIGH6,RLFT,V,13,606,A,FALSE,5,2,,0
7520,DAVISHIGH6,RLFT,V,12,607,A,FALSE,5,3,,0
7520,DAVISHIGH6,RLFT,V,11,608,A,FALSE,5,4,,0
7520,DAVISHIGH6,RLFT,V,10,609,A,FALSE,5,5,,0
7520,DAVISHIGH6,RLFT,V,9,610,A,FALSE,5,6,,0
7520,DAVISHIGH6,RLFT,V,8,611,A,FALSE,5,7,,0
7520,DAVISHIGH6,RLFT,V,7,612,A,FALSE,5,8,,0
7520,DAVISHIGH6,RLFT,V,6,613,A,FALSE,5,9,,0
7520,DAVISHIGH6,RLFT,V,5,614,A,FALSE,5,10,,0
7520,DAVISHIGH6,RLFT,V,4,615,A,FALSE,5,11,,0
7520,DAVISHIGH6,RLFT,V,3,616,A,FALSE,5,12,,0
7520,DAVISHIGH6,RLFT,V,2,617,A,FALSE,5,13,,0
7520,DAVISHIGH6,RLFT,V,1,618,A,TRUE,5,14,,0
7520,DAVISHIGH6,RLFT,W,7,626,A,FALSE,6,8,,0
7520,DAVISHIGH6,RLFT,W,6,627,A,FALSE,6,9,,0
7520,DAVISHIGH6,RLFT,W,5,628,A,FALSE,6,10,,0
7520,DAVISHIGH6,RLFT,W,4,629,A,FALSE,6,11,,0
7520,DAVISHIGH6,RLFT,W,3,630,A,FALSE,6,12,,0
7520,DAVISHIGH6,RLFT,W,2,631,A,FALSE,6,13,,0
7520,DAVISHIGH6,RLFT,W,1,632,A,TRUE,6,14,,0
7520,DAVISHIGH6,RLFT,X,14,633,A,TRUE,7,1,,0
7520,DAVISHIGH6,RLFT,X,13,634,A,FALSE,7,2,,0
7520,DAVISHIGH6,RLFT,X,12,635,A,FALSE,7,3,,0
7520,DAVISHIGH6,RLFT,X,11,636,A,FALSE,7,4,,0
7520,DAVISHIGH6,RLFT,X,10,637,A,FALSE,7,5,,0
7520,DAVISHIGH6,RLFT,X,9,638,A,FALSE,7,6,,0
7520,DAVISHIGH6,RLFT,X,8,639,A,FALSE,7,7,,0
7520,DAVISHIGH6,RLFT,X,7,640,A,FALSE,7,8,,0
7520,DAVISHIGH6,RLFT,X,6,641,A,FALSE,7,9,,0
7520,DAVISHIGH6,RLFT,X,5,642,A,FALSE,7,10,,0
7520,DAVISHIGH6,RLFT,X,4,643,A,FALSE,7,11,,0
7520,DAVISHIGH6,RLFT,X,3,644,A,FALSE,7,12,,0
7520,DAVISHIGH6,RLFT,X,2,645,A,FALSE,7,13,,0
7520,DAVISHIGH6,RLFT,X,1,646,A,TRUE,7,14,,0
7520,DAVISHIGH6,RLFT,Y,14,647,A,TRUE,8,1,,0
7520,DAVISHIGH6,RLFT,Y,13,648,A,FALSE,8,2,,0
7520,DAVISHIGH6,RLFT,Y,12,649,A,FALSE,8,3,,0
7520,DAVISHIGH6,RLFT,Y,11,650,A,FALSE,8,4,,0
7520,DAVISHIGH6,RLFT,Y,10,651,A,FALSE,8,5,,0
7520,DAVISHIGH6,RLFT,Y,9,652,A,FALSE,8,6,,0
7520,DAVISHIGH6,RLFT,Y,8,653,A,FALSE,8,7,,0
7520,DAVISHIGH6,RLFT,Y,7,654,A,FALSE,8,8,,0
7520,DAVISHIGH6,RLFT,Y,6,655,A,FALSE,8,9,,0
7520,DAVISHIGH6,RLFT,Y,5,656,A,FALSE,8,10,,0
7520,DAVISHIGH6,RLFT,Y,4,657,A,FALSE,8,11,,0
7520,DAVISHIGH6,RLFT,W,8,625,A,FALSE,6,7,,0
7520,DAVISHIGH6,RLFT,W,9,624,A,FALSE,6,6,,0
7520,DAVISHIGH6,RLFT,W,10,623,A,FALSE,6,5,,0
7520,DAVISHIGH6,RLFT,W,11,622,A,FALSE,6,4,,0
7520,DAVISHIGH6,RLFT,W,12,621,A,FALSE,6,3,,0
7520,DAVISHIGH6,RLFT,W,13,620,A,FALSE,6,2,,0
7520,DAVISHIGH6,RLFT,W,14,619,A,TRUE,6,1,,0
7520,DAVISHIGH6,RLFT,Y,3,658,A,FALSE,8,12,,0
7520,DAVISHIGH6,RLFT,Y,2,659,A,FALSE,8,13,,0
7520,DAVISHIGH6,RLFT,Y,1,660,A,TRUE,8,14,,0
7520,DAVISHIGH6,RLFT,Z,14,661,A,TRUE,9,1,,0
7520,DAVISHIGH6,RLFT,Z,13,662,A,FALSE,9,2,,0
7520,DAVISHIGH6,RLFT,Z,12,663,A,FALSE,9,3,,0
7520,DAVISHIGH6,RLFT,Z,11,664,A,FALSE,9,4,,0
7520,DAVISHIGH6,RLFT,Z,10,665,A,FALSE,9,5,,0
7520,DAVISHIGH6,RLFT,Z,9,666,A,FALSE,9,6,,0
7520,DAVISHIGH6,RLFT,Z,8,667,A,FALSE,9,7,,0
7520,DAVISHIGH6,RLFT,Z,7,668,A,FALSE,9,8,,0
7520,DAVISHIGH6,RLFT,Z,6,669,A,FALSE,9,9,,0
7520,DAVISHIGH6,RLFT,Z,5,670,A,FALSE,9,10,,0
7520,DAVISHIGH6,RLFT,Z,4,671,A,FALSE,9,11,,0
7520,DAVISHIGH6,RLFT,Z,3,672,A,FALSE,9,12,,0
7520,DAVISHIGH6,RLFT,Z,2,673,A,FALSE,9,13,,0
7520,DAVISHIGH6,RLFT,Z,1,674,A,TRUE,9,14,,0
7520,DAVISHIGH6,RLFT,AA,14,675,A,TRUE,10,1,,0
7520,DAVISHIGH6,RLFT,AA,13,676,A,FALSE,10,2,,0
7520,DAVISHIGH6,RLFT,AA,12,677,A,FALSE,10,3,,0
7520,DAVISHIGH6,RLFT,AA,11,678,A,FALSE,10,4,,0
7520,DAVISHIGH6,RLFT,AA,10,679,A,FALSE,10,5,,0
7520,DAVISHIGH6,RLFT,AA,9,680,A,FALSE,10,6,,0
7520,DAVISHIGH6,RLFT,AA,8,681,A,FALSE,10,7,,0
7520,DAVISHIGH6,RLFT,AA,7,682,A,FALSE,10,8,,0
7520,DAVISHIGH6,RLFT,AA,6,683,A,FALSE,10,9,,0
7520,DAVISHIGH6,RLFT,AA,5,684,A,FALSE,10,10,,0
7520,DAVISHIGH6,RLFT,AA,4,685,A,FALSE,10,11,,0
7520,DAVISHIGH6,RLFT,AA,3,686,A,FALSE,10,12,,0
7520,DAVISHIGH6,RLFT,AA,2,687,A,FALSE,10,13,,0
7520,DAVISHIGH6,RLFT,AA,1,688,A,TRUE,10,14,,0
7520,DAVISHIGH6,RLFT,BB,14,689,A,TRUE,11,1,,0
7520,DAVISHIGH6,RLFT,BB,13,690,A,FALSE,11,2,,0
7520,DAVISHIGH6,RLFT,BB,12,691,A,FALSE,11,3,,0
7520,DAVISHIGH6,RLFT,BB,11,692,A,FALSE,11,4,,0
7520,DAVISHIGH6,RLFT,BB,10,693,A,FALSE,11,5,,0
7520,DAVISHIGH6,RLFT,BB,9,694,A,FALSE,11,6,,0
7520,DAVISHIGH6,RLFT,BB,8,695,A,FALSE,11,7,,0
7520,DAVISHIGH6,RLFT,BB,7,696,A,FALSE,11,8,,0
7520,DAVISHIGH6,RLFT,BB,6,697,A,FALSE,11,9,,0
7520,DAVISHIGH6,RLFT,BB,5,698,A,FALSE,11,10,,0
7520,DAVISHIGH6,RLFT,BB,4,699,A,FALSE,11,11,,0
7520,DAVISHIGH6,RLFT,BB,3,700,A,FALSE,11,12,,0
7520,DAVISHIGH6,RLFT,BB,2,701,A,FALSE,11,13,,0
7520,DAVISHIGH6,RLFT,BB,1,702,A,TRUE,11,14,,0
7520,DAVISHIGH6,RLFT,CC,14,703,A,TRUE,12,1,,0
7520,DAVISHIGH6,RLFT,CC,13,704,A,FALSE,12,2,,0
7520,DAVISHIGH6,RLFT,CC,12,705,A,FALSE,12,3,,0
7520,DAVISHIGH6,RLFT,CC,11,706,A,FALSE,12,4,,0
7520,DAVISHIGH6,RLFT,CC,10,707,A,FALSE,12,5,,0
7520,DAVISHIGH6,RLFT,CC,9,708,A,FALSE,12,6,,0
7520,DAVISHIGH6,RLFT,CC,8,709,A,FALSE,12,7,,0
7520,DAVISHIGH6,RLFT,CC,7,710,A,FALSE,12,8,,0
7520,DAVISHIGH6,RLFT,CC,6,711,A,FALSE,12,9,,0
7520,DAVISHIGH6,RLFT,CC,5,712,A,FALSE,12,10,,0
7520,DAVISHIGH6,RLFT,CC,4,713,A,FALSE,12,11,,0
7520,DAVISHIGH6,RLFT,CC,3,714,A,FALSE,12,12,,0
7520,DAVISHIGH6,RLFT,CC,2,715,A,FALSE,12,13,,0
7520,DAVISHIGH6,RLFT,CC,1,716,A,TRUE,12,14,,0
7520,DAVISHIGH6,RLFT,DD,13,717,A,TRUE,13,2,,0
7520,DAVISHIGH6,RLFT,DD,12,718,A,FALSE,13,3,,0
7520,DAVISHIGH6,RLFT,DD,11,719,A,FALSE,13,4,,0
7520,DAVISHIGH6,RLFT,DD,10,720,A,FALSE,13,5,,0
7520,DAVISHIGH6,RLFT,DD,9,721,A,FALSE,13,6,,0
7520,DAVISHIGH6,RLFT,DD,8,722,A,FALSE,13,7,,0
7520,DAVISHIGH6,RLFT,DD,7,723,A,FALSE,13,8,,0
7520,DAVISHIGH6,RLFT,DD,6,724,A,FALSE,13,9,,0
7520,DAVISHIGH6,RLFT,DD,5,725,A,FALSE,13,10,,0
7520,DAVISHIGH6,RLFT,DD,4,726,A,FALSE,13,11,,0
7520,DAVISHIGH6,RLFT,DD,3,727,A,FALSE,13,12,,0
7520,DAVISHIGH6,RLFT,DD,2,728,A,FALSE,13,13,,0
7520,DAVISHIGH6,RLFT,DD,1,729,A,TRUE,13,14,,0
7520,DAVISHIGH6,RLFT,EE,13,730,A,TRUE,14,2,,0
7520,DAVISHIGH6,RLFT,EE,12,731,A,FALSE,14,3,,0
7520,DAVISHIGH6,RLFT,EE,11,732,A,FALSE,14,4,,0
7520,DAVISHIGH6,RLFT,EE,10,733,A,FALSE,14,5,,0
7520,DAVISHIGH6,RLFT,EE,9,734,A,FALSE,14,6,,0
7520,DAVISHIGH6,RLFT,EE,8,735,A,FALSE,14,7,,0
7520,DAVISHIGH6,RLFT,EE,7,736,A,FALSE,14,8,,0
7520,DAVISHIGH6,RLFT,EE,6,737,A,FALSE,14,9,,0
7520,DAVISHIGH6,RLFT,EE,5,738,A,FALSE,14,10,,0
7520,DAVISHIGH6,RLFT,EE,4,739,A,FALSE,14,11,,0
7520,DAVISHIGH6,RLFT,EE,3,740,A,FALSE,14,12,,0
7520,DAVISHIGH6,RLFT,EE,2,741,A,FALSE,14,13,,0
7520,DAVISHIGH6,RLFT,EE,1,742,A,TRUE,14,14,,0
7520,DAVISHIGH6,RLFT,FF,13,743,A,TRUE,15,2,,0
7520,DAVISHIGH6,RLFT,FF,12,744,A,FALSE,15,3,,0
7520,DAVISHIGH6,RLFT,FF,11,745,A,FALSE,15,4,,0
7520,DAVISHIGH6,RLFT,FF,10,746,A,FALSE,15,5,,0
7520,DAVISHIGH6,RLFT,FF,9,747,A,FALSE,15,6,,0
7520,DAVISHIGH6,RLFT,FF,8,748,A,FALSE,15,7,,0
7520,DAVISHIGH6,RLFT,FF,7,749,A,FALSE,15,8,,0
7520,DAVISHIGH6,RLFT,FF,6,750,A,FALSE,15,9,,0
7520,DAVISHIGH6,RLFT,FF,5,751,A,FALSE,15,10,,0
7520,DAVISHIGH6,RLFT,FF,4,752,A,FALSE,15,11,,0
7520,DAVISHIGH6,RLFT,FF,3,753,A,FALSE,15,12,,0
7520,DAVISHIGH6,RLFT,FF,2,754,A,FALSE,15,13,,0
7520,DAVISHIGH6,RLFT,FF,1,755,A,TRUE,15,14,,0
7520,DAVISHIGH6,RLFT,GG,13,756,A,TRUE,16,2,,0
7520,DAVISHIGH6,RLFT,GG,12,757,A,FALSE,16,3,,0
7520,DAVISHIGH6,RLFT,GG,11,758,A,FALSE,16,4,,0
7520,DAVISHIGH6,RLFT,GG,10,759,A,FALSE,16,5,,0
7520,DAVISHIGH6,RLFT,GG,9,760,A,TRUE,16,6,,0
7520,DAVISHIGH6,RRGHT,R,14,964,A,TRUE,1,1,,0
7520,DAVISHIGH6,RRGHT,R,13,965,A,FALSE,1,2,,0
7520,DAVISHIGH6,RRGHT,R,12,966,A,FALSE,1,3,,0
7520,DAVISHIGH6,RRGHT,R,11,967,A,FALSE,1,4,,0
7520,DAVISHIGH6,RRGHT,R,10,968,A,FALSE,1,5,,0
7520,DAVISHIGH6,RRGHT,R,9,969,A,FALSE,1,6,,0
7520,DAVISHIGH6,RRGHT,R,8,970,A,FALSE,1,7,,0
7520,DAVISHIGH6,RRGHT,R,7,971,A,FALSE,1,8,,0
7520,DAVISHIGH6,RRGHT,R,6,972,A,FALSE,1,9,,0
7520,DAVISHIGH6,RRGHT,R,5,973,A,FALSE,1,10,,0
7520,DAVISHIGH6,RRGHT,R,4,974,A,FALSE,1,11,,0
7520,DAVISHIGH6,RRGHT,R,3,975,A,FALSE,1,12,,0
7520,DAVISHIGH6,RRGHT,R,2,976,A,FALSE,1,13,,0
7520,DAVISHIGH6,RRGHT,R,1,977,A,TRUE,1,14,,0
7520,DAVISHIGH6,RRGHT,S,14,978,A,TRUE,2,1,,0
7520,DAVISHIGH6,RRGHT,S,13,979,A,FALSE,2,2,,0
7520,DAVISHIGH6,RRGHT,S,12,980,A,FALSE,2,3,,0
7520,DAVISHIGH6,RRGHT,S,11,981,A,FALSE,2,4,,0
7520,DAVISHIGH6,RRGHT,S,10,982,A,FALSE,2,5,,0
7520,DAVISHIGH6,RRGHT,S,9,983,A,FALSE,2,6,,0
7520,DAVISHIGH6,RRGHT,S,8,984,A,FALSE,2,7,,0
7520,DAVISHIGH6,RRGHT,S,7,985,A,FALSE,2,8,,0
7520,DAVISHIGH6,RRGHT,S,6,986,A,FALSE,2,9,,0
7520,DAVISHIGH6,RRGHT,S,5,987,A,FALSE,2,10,,0
7520,DAVISHIGH6,RRGHT,S,4,988,A,FALSE,2,11,,0
7520,DAVISHIGH6,RRGHT,S,3,989,A,FALSE,2,12,,0
7520,DAVISHIGH6,RRGHT,S,2,990,A,FALSE,2,13,,0
7520,DAVISHIGH6,RRGHT,S,1,991,A,TRUE,2,14,,0
7520,DAVISHIGH6,RRGHT,T,14,992,A,TRUE,3,1,,0
7520,DAVISHIGH6,RRGHT,T,13,993,A,FALSE,3,2,,0
7520,DAVISHIGH6,RRGHT,T,12,994,A,FALSE,3,3,,0
7520,DAVISHIGH6,RRGHT,T,11,995,A,FALSE,3,4,,0
7520,DAVISHIGH6,RRGHT,T,10,996,A,FALSE,3,5,,0
7520,DAVISHIGH6,RRGHT,T,9,997,A,FALSE,3,6,,0
7520,DAVISHIGH6,RRGHT,T,8,998,A,FALSE,3,7,,0
7520,DAVISHIGH6,RRGHT,T,7,999,A,FALSE,3,8,,0
7520,DAVISHIGH6,RRGHT,T,6,1000,A,FALSE,3,9,,0
7520,DAVISHIGH6,RRGHT,T,5,1001,A,FALSE,3,10,,0
7520,DAVISHIGH6,RRGHT,T,4,1002,A,FALSE,3,11,,0
7520,DAVISHIGH6,RRGHT,T,3,1003,A,FALSE,3,12,,0
7520,DAVISHIGH6,RRGHT,T,2,1004,A,FALSE,3,13,,0
7520,DAVISHIGH6,RRGHT,T,1,1005,A,TRUE,3,14,,0
7520,DAVISHIGH6,RRGHT,U,14,1006,A,TRUE,4,1,,0
7520,DAVISHIGH6,RRGHT,U,13,1007,A,FALSE,4,2,,0
7520,DAVISHIGH6,RRGHT,U,12,1008,A,FALSE,4,3,,0
7520,DAVISHIGH6,RRGHT,U,11,1009,A,FALSE,4,4,,0
7520,DAVISHIGH6,RRGHT,U,10,1010,A,FALSE,4,5,,0
7520,DAVISHIGH6,RRGHT,U,9,1011,A,FALSE,4,6,,0
7520,DAVISHIGH6,RRGHT,U,8,1012,A,FALSE,4,7,,0
7520,DAVISHIGH6,RRGHT,U,7,1013,A,FALSE,4,8,,0
7520,DAVISHIGH6,RRGHT,U,6,1014,A,FALSE,4,9,,0
7520,DAVISHIGH6,RRGHT,U,5,1015,A,FALSE,4,10,,0
7520,DAVISHIGH6,RRGHT,U,4,1016,A,FALSE,4,11,,0
7520,DAVISHIGH6,RRGHT,U,3,1017,A,FALSE,4,12,,0
7520,DAVISHIGH6,RRGHT,U,2,1018,A,FALSE,4,13,,0
7520,DAVISHIGH6,RRGHT,U,1,1019,A,TRUE,4,14,,0
7520,DAVISHIGH6,RRGHT,V,14,1020,A,TRUE,5,1,,0
7520,DAVISHIGH6,RRGHT,V,13,1021,A,FALSE,5,2,,0
7520,DAVISHIGH6,RRGHT,V,12,1022,A,FALSE,5,3,,0
7520,DAVISHIGH6,RRGHT,V,11,1023,A,FALSE,5,4,,0
7520,DAVISHIGH6,RRGHT,V,10,1024,A,FALSE,5,5,,0
7520,DAVISHIGH6,RRGHT,V,9,1025,A,FALSE,5,6,,0
7520,DAVISHIGH6,RRGHT,V,8,1026,A,FALSE,5,7,,0
7520,DAVISHIGH6,RRGHT,V,7,1027,A,FALSE,5,8,,0
7520,DAVISHIGH6,RRGHT,V,6,1028,A,FALSE,5,9,,0
7520,DAVISHIGH6,RRGHT,V,5,1029,A,FALSE,5,10,,0
7520,DAVISHIGH6,RRGHT,V,4,1030,A,FALSE,5,11,,0
7520,DAVISHIGH6,RRGHT,V,3,1031,A,FALSE,5,12,,0
7520,DAVISHIGH6,RRGHT,V,2,1032,A,FALSE,5,13,,0
7520,DAVISHIGH6,RRGHT,V,1,1033,A,TRUE,5,14,,0
7520,DAVISHIGH6,RRGHT,W,14,1034,A,TRUE,6,1,,0
7520,DAVISHIGH6,RRGHT,W,13,1035,A,FALSE,6,2,,0
7520,DAVISHIGH6,RRGHT,W,12,1036,A,FALSE,6,3,,0
7520,DAVISHIGH6,RRGHT,W,11,1037,A,FALSE,6,4,,0
7520,DAVISHIGH6,RRGHT,W,10,1038,A,FALSE,6,5,,0
7520,DAVISHIGH6,RRGHT,W,9,1039,A,FALSE,6,6,,0
7520,DAVISHIGH6,RRGHT,W,8,1040,A,FALSE,6,7,,0
7520,DAVISHIGH6,RRGHT,W,7,1041,A,FALSE,6,8,,0
7520,DAVISHIGH6,RRGHT,W,6,1042,A,FALSE,6,9,,0
7520,DAVISHIGH6,RRGHT,W,5,1043,A,FALSE,6,10,,0
7520,DAVISHIGH6,RRGHT,W,4,1044,A,FALSE,6,11,,0
7520,DAVISHIGH6,RRGHT,W,3,1045,A,FALSE,6,12,,0
7520,DAVISHIGH6,RRGHT,W,2,1046,A,FALSE,6,13,,0
7520,DAVISHIGH6,RRGHT,W,1,1047,A,TRUE,6,14,,0
7520,DAVISHIGH6,RRGHT,X,14,1048,A,TRUE,7,1,,0
7520,DAVISHIGH6,RRGHT,X,13,1049,A,FALSE,7,2,,0
7520,DAVISHIGH6,RRGHT,X,12,1050,A,FALSE,7,3,,0
7520,DAVISHIGH6,RRGHT,X,11,1051,A,FALSE,7,4,,0
7520,DAVISHIGH6,RRGHT,X,10,1052,A,FALSE,7,5,,0
7520,DAVISHIGH6,RRGHT,X,9,1053,A,FALSE,7,6,,0
7520,DAVISHIGH6,RRGHT,X,8,1054,A,FALSE,7,7,,0
7520,DAVISHIGH6,RRGHT,X,7,1055,A,FALSE,7,8,,0
7520,DAVISHIGH6,RRGHT,X,6,1056,A,FALSE,7,9,,0
7520,DAVISHIGH6,RRGHT,X,5,1057,A,FALSE,7,10,,0
7520,DAVISHIGH6,RRGHT,X,4,1058,A,FALSE,7,11,,0
7520,DAVISHIGH6,RRGHT,X,3,1059,A,FALSE,7,12,,0
7520,DAVISHIGH6,RRGHT,X,2,1060,A,FALSE,7,13,,0
7520,DAVISHIGH6,RRGHT,X,1,1061,A,TRUE,7,14,,0
7520,DAVISHIGH6,RRGHT,Y,14,1062,A,TRUE,8,1,,0
7520,DAVISHIGH6,RRGHT,Y,13,1063,A,FALSE,8,2,,0
7520,DAVISHIGH6,RRGHT,Y,12,1064,A,FALSE,8,3,,0
7520,DAVISHIGH6,RRGHT,Y,11,1065,A,FALSE,8,4,,0
7520,DAVISHIGH6,RRGHT,Y,10,1066,A,FALSE,8,5,,0
7520,DAVISHIGH6,RRGHT,Y,9,1067,A,FALSE,8,6,,0
7520,DAVISHIGH6,RRGHT,Y,8,1068,A,FALSE,8,7,,0
7520,DAVISHIGH6,RRGHT,Y,7,1069,A,FALSE,8,8,,0
7520,DAVISHIGH6,RRGHT,Y,6,1070,A,FALSE,8,9,,0
7520,DAVISHIGH6,RRGHT,Y,5,1071,A,FALSE,8,10,,0
7520,DAVISHIGH6,RRGHT,Y,4,1072,A,FALSE,8,11,,0
7520,DAVISHIGH6,RRGHT,Y,3,1073,A,FALSE,8,12,,0
7520,DAVISHIGH6,RRGHT,Y,2,1074,A,FALSE,8,13,,0
7520,DAVISHIGH6,RRGHT,Y,1,1075,A,TRUE,8,14,,0
7520,DAVISHIGH6,RRGHT,Z,14,1076,A,TRUE,9,1,,0
7520,DAVISHIGH6,RRGHT,Z,13,1077,A,FALSE,9,2,,0
7520,DAVISHIGH6,RRGHT,Z,12,1078,A,FALSE,9,3,,0
7520,DAVISHIGH6,RRGHT,Z,11,1079,A,FALSE,9,4,,0
7520,DAVISHIGH6,RRGHT,Z,10,1080,A,FALSE,9,5,,0
7520,DAVISHIGH6,RRGHT,Z,9,1081,A,FALSE,9,6,,0
7520,DAVISHIGH6,RRGHT,Z,8,1082,A,FALSE,9,7,,0
7520,DAVISHIGH6,RRGHT,Z,7,1083,A,FALSE,9,8,,0
7520,DAVISHIGH6,RRGHT,Z,6,1084,A,FALSE,9,9,,0
7520,DAVISHIGH6,RRGHT,Z,5,1085,A,FALSE,9,10,,0
7520,DAVISHIGH6,RRGHT,Z,4,1086,A,FALSE,9,11,,0
7520,DAVISHIGH6,RRGHT,Z,3,1087,A,FALSE,9,12,,0
7520,DAVISHIGH6,RRGHT,Z,2,1088,A,FALSE,9,13,,0
7520,DAVISHIGH6,RRGHT,Z,1,1089,A,TRUE,9,14,,0
7520,DAVISHIGH6,RRGHT,AA,14,1090,A,TRUE,10,1,,0
7520,DAVISHIGH6,RRGHT,AA,13,1091,A,FALSE,10,2,,0
7520,DAVISHIGH6,RRGHT,AA,12,1092,A,FALSE,10,3,,0
7520,DAVISHIGH6,RRGHT,AA,11,1093,A,FALSE,10,4,,0
7520,DAVISHIGH6,RRGHT,AA,10,1094,A,FALSE,10,5,,0
7520,DAVISHIGH6,RRGHT,AA,9,1095,A,FALSE,10,6,,0
7520,DAVISHIGH6,RRGHT,AA,8,1096,A,FALSE,10,7,,0
7520,DAVISHIGH6,RRGHT,AA,7,1097,A,FALSE,10,8,,0
7520,DAVISHIGH6,RRGHT,AA,6,1098,A,FALSE,10,9,,0
7520,DAVISHIGH6,RRGHT,AA,5,1099,A,FALSE,10,10,,0
7520,DAVISHIGH6,RRGHT,AA,4,1100,A,FALSE,10,11,,0
7520,DAVISHIGH6,RRGHT,AA,3,1101,A,FALSE,10,12,,0
7520,DAVISHIGH6,RRGHT,AA,2,1102,A,FALSE,10,13,,0
7520,DAVISHIGH6,RRGHT,AA,1,1103,A,TRUE,10,14,,0
7520,DAVISHIGH6,RRGHT,BB,14,1104,A,TRUE,11,1,,0
7520,DAVISHIGH6,RRGHT,BB,13,1105,A,FALSE,11,2,,0
7520,DAVISHIGH6,RRGHT,BB,12,1106,A,FALSE,11,3,,0
7520,DAVISHIGH6,RRGHT,BB,11,1107,A,FALSE,11,4,,0
7520,DAVISHIGH6,RRGHT,BB,10,1108,A,FALSE,11,5,,0
7520,DAVISHIGH6,RRGHT,BB,9,1109,A,FALSE,11,6,,0
7520,DAVISHIGH6,RRGHT,BB,8,1110,A,FALSE,11,7,,0
7520,DAVISHIGH6,RRGHT,BB,7,1111,A,FALSE,11,8,,0
7520,DAVISHIGH6,RRGHT,BB,6,1112,A,FALSE,11,9,,0
7520,DAVISHIGH6,RRGHT,BB,5,1113,A,FALSE,11,10,,0
7520,DAVISHIGH6,RRGHT,BB,4,1114,A,FALSE,11,11,,0
7520,DAVISHIGH6,RRGHT,BB,3,1115,A,FALSE,11,12,,0
7520,DAVISHIGH6,RRGHT,BB,2,1116,A,FALSE,11,13,,0
7520,DAVISHIGH6,RRGHT,BB,1,1117,A,TRUE,11,14,,0
7520,DAVISHIGH6,RRGHT,CC,14,1118,A,TRUE,12,1,,0
7520,DAVISHIGH6,RRGHT,CC,13,1119,A,FALSE,12,2,,0
7520,DAVISHIGH6,RRGHT,CC,12,1120,A,FALSE,12,3,,0
7520,DAVISHIGH6,RRGHT,CC,11,1121,A,FALSE,12,4,,0
7520,DAVISHIGH6,RRGHT,CC,10,1122,A,FALSE,12,5,,0
7520,DAVISHIGH6,RRGHT,CC,9,1123,A,FALSE,12,6,,0
7520,DAVISHIGH6,RRGHT,CC,8,1124,A,FALSE,12,7,,0
7520,DAVISHIGH6,RRGHT,CC,7,1125,A,FALSE,12,8,,0
7520,DAVISHIGH6,RRGHT,CC,6,1126,A,FALSE,12,9,,0
7520,DAVISHIGH6,RRGHT,CC,5,1127,A,FALSE,12,10,,0
7520,DAVISHIGH6,RRGHT,CC,4,1128,A,FALSE,12,11,,0
7520,DAVISHIGH6,RRGHT,CC,3,1129,A,FALSE,12,12,,0
7520,DAVISHIGH6,RRGHT,CC,2,1130,A,FALSE,12,13,,0
7520,DAVISHIGH6,RRGHT,CC,1,1131,A,TRUE,12,14,,0
7520,DAVISHIGH6,RRGHT,DD,13,1132,A,TRUE,13,1,,0
7520,DAVISHIGH6,RRGHT,DD,12,1133,A,FALSE,13,2,,0
7520,DAVISHIGH6,RRGHT,DD,11,1134,A,FALSE,13,3,,0
7520,DAVISHIGH6,RRGHT,DD,10,1135,A,FALSE,13,4,,0
7520,DAVISHIGH6,RRGHT,DD,9,1136,A,FALSE,13,5,,0
7520,DAVISHIGH6,RRGHT,DD,8,1137,A,FALSE,13,6,,0
7520,DAVISHIGH6,RRGHT,DD,7,1138,A,FALSE,13,7,,0
7520,DAVISHIGH6,RRGHT,DD,6,1139,A,FALSE,13,8,,0
7520,DAVISHIGH6,RRGHT,DD,5,1140,A,FALSE,13,9,,0
7520,DAVISHIGH6,RRGHT,DD,4,1141,A,FALSE,13,10,,0
7520,DAVISHIGH6,RRGHT,DD,3,1142,A,FALSE,13,11,,0
7520,DAVISHIGH6,RRGHT,DD,2,1143,A,FALSE,13,12,,0
7520,DAVISHIGH6,RRGHT,DD,1,1144,A,TRUE,13,13,,0
7520,DAVISHIGH6,RRGHT,EE,13,1145,A,TRUE,14,1,,0
7520,DAVISHIGH6,RRGHT,EE,12,1146,A,FALSE,14,2,,0
7520,DAVISHIGH6,RRGHT,EE,11,1147,A,FALSE,14,3,,0
7520,DAVISHIGH6,RRGHT,EE,10,1148,A,FALSE,14,4,,0
7520,DAVISHIGH6,RRGHT,EE,9,1149,A,FALSE,14,5,,0
7520,DAVISHIGH6,RRGHT,EE,8,1150,A,FALSE,14,6,,0
7520,DAVISHIGH6,RRGHT,EE,7,1151,A,FALSE,14,7,,0
7520,DAVISHIGH6,RRGHT,EE,6,1152,A,FALSE,14,8,,0
7520,DAVISHIGH6,RRGHT,EE,5,1153,A,FALSE,14,9,,0
7520,DAVISHIGH6,RRGHT,EE,4,1154,A,FALSE,14,10,,0
7520,DAVISHIGH6,RRGHT,EE,3,1155,A,FALSE,14,11,,0
7520,DAVISHIGH6,RRGHT,EE,2,1156,A,FALSE,14,12,,0
7520,DAVISHIGH6,RRGHT,EE,1,1157,A,TRUE,14,13,,0
7520,DAVISHIGH6,RRGHT,FF,13,1158,A,TRUE,15,1,,0
7520,DAVISHIGH6,RRGHT,FF,12,1159,A,FALSE,15,2,,0
7520,DAVISHIGH6,RRGHT,FF,11,1160,A,FALSE,15,3,,0
7520,DAVISHIGH6,RRGHT,FF,10,1161,A,FALSE,15,4,,0
7520,DAVISHIGH6,RRGHT,FF,9,1162,A,FALSE,15,5,,0
7520,DAVISHIGH6,RRGHT,FF,8,1163,A,FALSE,15,6,,0
7520,DAVISHIGH6,RRGHT,FF,7,1164,A,FALSE,15,7,,0
7520,DAVISHIGH6,RRGHT,FF,6,1165,A,FALSE,15,8,,0
7520,DAVISHIGH6,RRGHT,FF,5,1166,A,FALSE,15,9,,0
7520,DAVISHIGH6,RRGHT,FF,4,1167,A,FALSE,15,10,,0
7520,DAVISHIGH6,RRGHT,FF,3,1168,A,FALSE,15,11,,0
7520,DAVISHIGH6,RRGHT,FF,2,1169,A,FALSE,15,12,,0
7520,DAVISHIGH6,RRGHT,FF,1,1170,A,TRUE,15,13,,0
7520,DAVISHIGH6,RRGHT,GG,5,1171,A,TRUE,16,9,,0
7520,DAVISHIGH6,RRGHT,GG,4,1172,A,FALSE,16,10,,0
7520,DAVISHIGH6,RRGHT,GG,3,1173,A,FALSE,16,11,,0
7520,DAVISHIGH6,RRGHT,GG,2,1174,A,FALSE,16,12,,0
7520,DAVISHIGH6,RRGHT,GG,1,1175,A,TRUE,16,13,,0
