VenueCode,TemplateName,SectionCode,Row,Seat,Priority,StatusCode,Aisle,RowSort,SeatSort,Image,HoldType 
4534,SHOWLOWAUD,E,A,6,797,A,1,1,1,,0
4534,SHOWLOWAUD,E,A,4,798,A,0,1,2,,0
4534,SHOWLOWAUD,E,A,2,799,A,1,1,3,,0
4534,SHOWLOWAUD,E,B,8,800,A,1,2,1,,0
4534,SHOWLOWAUD,E,B,6,801,A,0,2,2,,0
4534,SHOWLOWAUD,E,B,4,802,A,0,2,3,,0
4534,SHOWLOWAUD,E,B,2,803,A,1,2,4,,0
4534,SHOWLOWAUD,E,C,8,804,A,1,3,1,,0
4534,SHOWLOWAUD,E,C,6,805,A,0,3,2,,0
4534,SHOWLOWAUD,E,C,4,806,A,0,3,3,,0
4534,SHOWLOWAUD,E,C,2,807,A,1,3,4,,0
4534,SHOWLOWAUD,E,D,10,808,A,1,4,1,,0
4534,SHOWLOWAUD,E,D,8,809,A,0,4,2,,0
4534,SHOWLOWAUD,E,D,6,810,A,0,4,3,,0
4534,SHOWLOWAUD,E,D,4,811,A,0,4,4,,0
4534,SHOWLOWAUD,E,D,2,812,A,1,4,5,,0
4534,SHOWLOWAUD,E,E,10,813,A,1,5,1,,0
4534,SHOWLOWAUD,E,E,8,814,A,0,5,2,,0
4534,SHOWLOWAUD,E,E,6,815,A,0,5,3,,0
4534,SHOWLOWAUD,E,E,4,816,A,0,5,4,,0
4534,SHOWLOWAUD,E,E,2,817,A,1,5,5,,0
4534,SHOWLOWAUD,E,F,12,818,A,1,6,1,,0
4534,SHOWLOWAUD,E,F,10,819,A,0,6,2,,0
4534,SHOWLOWAUD,E,F,8,820,A,0,6,3,,0
4534,SHOWLOWAUD,E,F,6,821,A,0,6,4,,0
4534,SHOWLOWAUD,E,F,4,822,A,0,6,5,,0
4534,SHOWLOWAUD,E,F,2,823,A,1,6,6,,0
4534,SHOWLOWAUD,E,G,12,824,A,1,7,1,,0
4534,SHOWLOWAUD,E,G,10,825,A,0,7,2,,0
4534,SHOWLOWAUD,E,G,8,826,A,0,7,3,,0
4534,SHOWLOWAUD,E,G,6,827,A,0,7,4,,0
4534,SHOWLOWAUD,E,G,4,828,A,0,7,5,,0
4534,SHOWLOWAUD,E,G,2,829,A,1,7,6,,0
4534,SHOWLOWAUD,E,H,14,830,A,1,8,1,,0
4534,SHOWLOWAUD,E,H,12,831,A,0,8,2,,0
4534,SHOWLOWAUD,E,H,10,832,A,0,8,3,,0
4534,SHOWLOWAUD,E,H,8,833,A,0,8,4,,0
4534,SHOWLOWAUD,E,H,6,834,A,0,8,5,,0
4534,SHOWLOWAUD,E,H,4,835,A,0,8,6,,0
4534,SHOWLOWAUD,E,H,2,836,A,1,8,7,,0
4534,SHOWLOWAUD,E,J,14,837,A,1,9,1,,0
4534,SHOWLOWAUD,E,J,12,838,A,0,9,2,,0
4534,SHOWLOWAUD,E,J,10,839,A,0,9,3,,0
4534,SHOWLOWAUD,E,J,8,840,A,0,9,4,,0
4534,SHOWLOWAUD,E,J,6,841,A,0,9,5,,0
4534,SHOWLOWAUD,E,J,4,842,A,0,9,6,,0
4534,SHOWLOWAUD,E,J,2,843,A,1,9,7,,0
4534,SHOWLOWAUD,E,K,16,844,A,1,10,1,,0
4534,SHOWLOWAUD,E,K,14,845,A,0,10,2,,0
4534,SHOWLOWAUD,E,K,12,846,A,0,10,3,,0
4534,SHOWLOWAUD,E,K,10,847,A,0,10,4,,0
4534,SHOWLOWAUD,E,K,8,848,A,0,10,5,,0
4534,SHOWLOWAUD,E,K,6,849,A,0,10,6,,0
4534,SHOWLOWAUD,E,K,4,850,A,0,10,7,,0
4534,SHOWLOWAUD,E,K,2,851,A,1,10,8,,0
4534,SHOWLOWAUD,E,L,18,852,A,1,11,1,,0
4534,SHOWLOWAUD,E,L,16,853,A,0,11,2,,0
4534,SHOWLOWAUD,E,L,14,854,A,0,11,3,,0
4534,SHOWLOWAUD,E,L,12,855,A,0,11,4,,0
4534,SHOWLOWAUD,E,L,10,856,A,0,11,5,,0
4534,SHOWLOWAUD,E,L,8,857,A,0,11,6,,0
4534,SHOWLOWAUD,E,L,6,858,A,0,11,7,,0
4534,SHOWLOWAUD,E,L,4,859,A,0,11,8,,0
4534,SHOWLOWAUD,E,L,2,860,A,1,11,9,,0
4534,SHOWLOWAUD,E,M,18,861,A,1,12,1,,0
4534,SHOWLOWAUD,E,M,16,862,A,0,12,2,,0
4534,SHOWLOWAUD,E,M,14,863,A,0,12,3,,0
4534,SHOWLOWAUD,E,M,12,864,A,0,12,4,,0
4534,SHOWLOWAUD,E,M,10,865,A,0,12,5,,0
4534,SHOWLOWAUD,E,M,8,866,A,0,12,6,,0
4534,SHOWLOWAUD,E,M,6,867,A,0,12,7,,0
4534,SHOWLOWAUD,E,M,4,868,A,0,12,8,,0
4534,SHOWLOWAUD,E,M,2,869,A,1,12,9,,0
4534,SHOWLOWAUD,E,N,20,870,A,1,13,1,,0
4534,SHOWLOWAUD,E,N,18,871,A,0,13,2,,0
4534,SHOWLOWAUD,E,N,16,872,A,0,13,3,,0
4534,SHOWLOWAUD,E,N,14,873,A,0,13,4,,0
4534,SHOWLOWAUD,E,N,12,874,A,0,13,5,,0
4534,SHOWLOWAUD,E,N,10,875,A,0,13,6,,0
4534,SHOWLOWAUD,E,N,8,876,A,0,13,7,,0
4534,SHOWLOWAUD,E,N,6,877,A,0,13,8,,0
4534,SHOWLOWAUD,E,N,4,878,A,0,13,9,,0
4534,SHOWLOWAUD,E,N,2,879,A,1,13,10,,0
4534,SHOWLOWAUD,E,O,22,880,A,1,14,1,,0
4534,SHOWLOWAUD,E,O,20,881,A,0,14,2,,0
4534,SHOWLOWAUD,E,O,18,882,A,0,14,3,,0
4534,SHOWLOWAUD,E,O,16,883,A,0,14,4,,0
4534,SHOWLOWAUD,E,O,14,884,A,0,14,5,,0
4534,SHOWLOWAUD,E,O,12,885,A,0,14,6,,0
4534,SHOWLOWAUD,E,O,10,886,A,0,14,7,,0
4534,SHOWLOWAUD,E,O,8,887,A,0,14,8,,0
4534,SHOWLOWAUD,E,O,6,888,A,0,14,9,,0
4534,SHOWLOWAUD,E,O,4,889,A,0,14,10,,0
4534,SHOWLOWAUD,E,O,2,890,A,1,14,11,,0
4534,SHOWLOWAUD,E,P,24,891,A,1,15,1,,0
4534,SHOWLOWAUD,E,P,22,892,A,0,15,2,,0
4534,SHOWLOWAUD,E,P,20,893,A,0,15,3,,0
4534,SHOWLOWAUD,E,P,18,894,A,0,15,4,,0
4534,SHOWLOWAUD,E,P,16,895,A,0,15,5,,0
4534,SHOWLOWAUD,E,P,14,896,A,0,15,6,,0
4534,SHOWLOWAUD,E,P,12,897,A,0,15,7,,0
4534,SHOWLOWAUD,E,P,10,898,A,0,15,8,,0
4534,SHOWLOWAUD,E,P,8,899,A,0,15,9,,0
4534,SHOWLOWAUD,E,P,6,900,A,0,15,10,,0
4534,SHOWLOWAUD,E,P,4,901,A,1,15,11,,0
4534,SHOWLOWAUD,E,P,2,902,A,1,15,12,,0
4534,SHOWLOWAUD,E,Q,22,903,A,0,16,1,,0
4534,SHOWLOWAUD,E,Q,20,904,A,0,16,2,,0
4534,SHOWLOWAUD,E,Q,18,905,A,0,16,3,,0
4534,SHOWLOWAUD,E,Q,16,906,A,0,16,4,,0
4534,SHOWLOWAUD,E,Q,14,907,A,0,16,5,,0
4534,SHOWLOWAUD,E,Q,12,908,A,0,16,6,,0
4534,SHOWLOWAUD,E,Q,10,909,A,0,16,7,,0
4534,SHOWLOWAUD,E,Q,8,910,A,0,16,8,,0
4534,SHOWLOWAUD,E,Q,6,911,A,0,16,9,,0
4534,SHOWLOWAUD,E,Q,4,912,A,0,16,10,,0
4534,SHOWLOWAUD,E,Q,2,913,A,1,16,11,,0
4534,SHOWLOWAUD,E,R,22,914,A,1,17,1,,0
4534,SHOWLOWAUD,E,R,20,915,A,0,17,2,,0
4534,SHOWLOWAUD,E,R,18,916,A,0,17,3,,0
4534,SHOWLOWAUD,E,R,16,917,A,0,17,4,,0
4534,SHOWLOWAUD,E,R,14,918,A,0,17,5,,0
4534,SHOWLOWAUD,E,R,12,919,A,0,17,6,,0
4534,SHOWLOWAUD,E,R,10,920,A,0,17,7,,0
4534,SHOWLOWAUD,E,R,8,921,A,0,17,8,,0
4534,SHOWLOWAUD,E,R,6,922,A,0,17,9,,0
4534,SHOWLOWAUD,E,R,4,923,A,0,17,10,,0
4534,SHOWLOWAUD,E,R,2,924,A,1,17,11,,0
4534,SHOWLOWAUD,E,S,22,925,A,1,18,1,,0
4534,SHOWLOWAUD,E,S,20,926,A,0,18,2,,0
4534,SHOWLOWAUD,E,S,18,927,A,0,18,3,,0
4534,SHOWLOWAUD,E,S,16,928,A,0,18,4,,0
4534,SHOWLOWAUD,E,S,14,929,A,0,18,5,,0
4534,SHOWLOWAUD,E,S,12,930,A,0,18,6,,0
4534,SHOWLOWAUD,E,S,10,931,A,0,18,7,,0
4534,SHOWLOWAUD,E,S,8,932,A,0,18,8,,0
4534,SHOWLOWAUD,E,S,6,933,A,0,18,9,,0
4534,SHOWLOWAUD,E,S,4,934,A,0,18,10,,0
4534,SHOWLOWAUD,E,S,2,935,A,1,18,11,,0
4534,SHOWLOWAUD,E,T,22,936,A,1,19,1,,0
4534,SHOWLOWAUD,E,T,20,937,A,0,19,2,,0
4534,SHOWLOWAUD,E,T,18,938,A,0,19,3,,0
4534,SHOWLOWAUD,E,T,16,939,A,0,19,4,,0
4534,SHOWLOWAUD,E,T,14,940,A,0,19,5,,0
4534,SHOWLOWAUD,E,T,12,941,A,0,19,6,,0
4534,SHOWLOWAUD,E,T,10,942,A,0,19,7,,0
4534,SHOWLOWAUD,E,T,8,943,A,0,19,8,,0
4534,SHOWLOWAUD,E,T,6,944,A,0,19,9,,0
4534,SHOWLOWAUD,E,T,4,945,A,0,19,10,,0
4534,SHOWLOWAUD,E,T,2,946,A,1,19,11,,0
4534,SHOWLOWAUD,E,U,22,947,A,1,20,1,,0
4534,SHOWLOWAUD,E,U,20,948,A,0,20,2,,0
4534,SHOWLOWAUD,E,U,18,949,A,0,20,3,,0
4534,SHOWLOWAUD,E,U,16,950,A,0,20,4,,0
4534,SHOWLOWAUD,E,U,14,951,A,0,20,5,,0
4534,SHOWLOWAUD,E,U,12,952,A,0,20,6,,0
4534,SHOWLOWAUD,E,U,10,953,A,0,20,7,,0
4534,SHOWLOWAUD,E,U,8,954,A,0,20,8,,0
4534,SHOWLOWAUD,E,U,6,955,A,0,20,9,,0
4534,SHOWLOWAUD,E,U,4,956,A,0,20,10,,0
4534,SHOWLOWAUD,E,U,2,957,A,1,20,11,,0
4534,SHOWLOWAUD,E,W,22,958,A,1,21,1,,0
4534,SHOWLOWAUD,E,W,20,959,A,0,21,2,,0
4534,SHOWLOWAUD,E,W,18,960,A,0,21,3,,0
4534,SHOWLOWAUD,E,W,16,961,A,0,21,4,,0
4534,SHOWLOWAUD,E,W,14,962,A,0,21,5,,0
4534,SHOWLOWAUD,E,W,12,963,A,0,21,6,,0
4534,SHOWLOWAUD,E,W,10,964,A,0,21,7,,0
4534,SHOWLOWAUD,E,W,8,965,A,0,21,8,,0
4534,SHOWLOWAUD,E,W,6,966,A,0,21,9,,0
4534,SHOWLOWAUD,E,W,4,967,A,0,21,10,,0
4534,SHOWLOWAUD,E,W,2,968,A,1,21,11,,0
4534,SHOWLOWAUD,E,X,18,969,A,1,22,1,,0
4534,SHOWLOWAUD,E,X,16,970,A,0,22,2,,0
4534,SHOWLOWAUD,E,X,14,971,A,0,22,3,,0
4534,SHOWLOWAUD,E,X,12,972,A,0,22,4,,0
4534,SHOWLOWAUD,E,X,10,973,A,0,22,5,,0
4534,SHOWLOWAUD,E,X,8,974,A,0,22,6,,0
4534,SHOWLOWAUD,E,X,6,975,A,0,22,7,,0
4534,SHOWLOWAUD,E,X,4,976,A,0,22,8,,0
4534,SHOWLOWAUD,E,X,2,977,A,1,22,9,,0
4534,SHOWLOWAUD,E,Y,16,978,A,1,23,1,,0
4534,SHOWLOWAUD,E,Y,14,979,A,0,23,2,,0
4534,SHOWLOWAUD,E,Y,12,980,A,0,23,3,,0
4534,SHOWLOWAUD,E,Y,10,981,A,0,23,4,,0
4534,SHOWLOWAUD,E,Y,8,982,A,0,23,5,,0
4534,SHOWLOWAUD,E,Y,6,983,A,0,23,6,,0
4534,SHOWLOWAUD,E,Y,4,984,A,0,23,7,,0
4534,SHOWLOWAUD,E,Y,2,985,A,1,23,8,,0
4534,SHOWLOWAUD,EC,A,108,295,A,1,1,1,,0
4534,SHOWLOWAUD,EC,A,106,296,A,0,1,2,,0
4534,SHOWLOWAUD,EC,A,104,297,A,0,1,3,,0
4534,SHOWLOWAUD,EC,A,102,298,A,1,1,4,,0
4534,SHOWLOWAUD,EC,B,110,299,A,1,2,1,,0
4534,SHOWLOWAUD,EC,B,108,300,A,0,2,2,,0
4534,SHOWLOWAUD,EC,B,106,301,A,0,2,3,,0
4534,SHOWLOWAUD,EC,B,104,302,A,0,2,4,,0
4534,SHOWLOWAUD,EC,B,102,303,A,1,2,5,,0
4534,SHOWLOWAUD,EC,C,110,304,A,1,3,1,,0
4534,SHOWLOWAUD,EC,C,108,305,A,0,3,2,,0
4534,SHOWLOWAUD,EC,C,106,306,A,0,3,3,,0
4534,SHOWLOWAUD,EC,C,104,307,A,0,3,4,,0
4534,SHOWLOWAUD,EC,C,102,308,A,1,3,5,,0
4534,SHOWLOWAUD,EC,D,112,309,A,1,4,1,,0
4534,SHOWLOWAUD,EC,D,110,310,A,0,4,2,,0
4534,SHOWLOWAUD,EC,D,108,311,A,0,4,3,,0
4534,SHOWLOWAUD,EC,D,106,312,A,0,4,4,,0
4534,SHOWLOWAUD,EC,D,104,313,A,0,4,5,,0
4534,SHOWLOWAUD,EC,D,102,314,A,1,4,6,,0
4534,SHOWLOWAUD,EC,E,114,315,A,1,5,1,,0
4534,SHOWLOWAUD,EC,E,112,316,A,0,5,2,,0
4534,SHOWLOWAUD,EC,E,110,317,A,0,5,3,,0
4534,SHOWLOWAUD,EC,E,108,318,A,0,5,4,,0
4534,SHOWLOWAUD,EC,E,106,319,A,0,5,5,,0
4534,SHOWLOWAUD,EC,E,104,320,A,0,5,6,,0
4534,SHOWLOWAUD,EC,E,102,321,A,1,5,7,,0
4534,SHOWLOWAUD,EC,F,114,322,A,1,6,1,,0
4534,SHOWLOWAUD,EC,F,112,323,A,0,6,2,,0
4534,SHOWLOWAUD,EC,F,110,324,A,0,6,3,,0
4534,SHOWLOWAUD,EC,F,108,325,A,0,6,4,,0
4534,SHOWLOWAUD,EC,F,106,326,A,0,6,5,,0
4534,SHOWLOWAUD,EC,F,104,327,A,0,6,6,,0
4534,SHOWLOWAUD,EC,F,102,328,A,1,6,7,,0
4534,SHOWLOWAUD,EC,G,116,329,A,1,7,1,,0
4534,SHOWLOWAUD,EC,G,114,330,A,0,7,2,,0
4534,SHOWLOWAUD,EC,G,112,331,A,0,7,3,,0
4534,SHOWLOWAUD,EC,G,110,332,A,0,7,4,,0
4534,SHOWLOWAUD,EC,G,108,333,A,0,7,5,,0
4534,SHOWLOWAUD,EC,G,106,334,A,0,7,6,,0
4534,SHOWLOWAUD,EC,G,104,335,A,0,7,7,,0
4534,SHOWLOWAUD,EC,G,102,336,A,1,7,8,,0
4534,SHOWLOWAUD,EC,H,118,337,A,1,8,1,,0
4534,SHOWLOWAUD,EC,H,116,338,A,0,8,2,,0
4534,SHOWLOWAUD,EC,H,114,339,A,0,8,3,,0
4534,SHOWLOWAUD,EC,H,112,340,A,0,8,4,,0
4534,SHOWLOWAUD,EC,H,110,341,A,0,8,5,,0
4534,SHOWLOWAUD,EC,H,108,342,A,0,8,6,,0
4534,SHOWLOWAUD,EC,H,106,343,A,0,8,7,,0
4534,SHOWLOWAUD,EC,H,104,344,A,0,8,8,,0
4534,SHOWLOWAUD,EC,H,102,345,A,1,8,9,,0
4534,SHOWLOWAUD,EC,J,120,346,A,1,9,1,,0
4534,SHOWLOWAUD,EC,J,118,347,A,0,9,2,,0
4534,SHOWLOWAUD,EC,J,116,348,A,0,9,3,,0
4534,SHOWLOWAUD,EC,J,114,349,A,0,9,4,,0
4534,SHOWLOWAUD,EC,J,112,350,A,0,9,5,,0
4534,SHOWLOWAUD,EC,J,110,351,A,0,9,6,,0
4534,SHOWLOWAUD,EC,J,108,352,A,0,9,7,,0
4534,SHOWLOWAUD,EC,J,106,353,A,0,9,8,,0
4534,SHOWLOWAUD,EC,J,104,354,A,0,9,9,,0
4534,SHOWLOWAUD,EC,J,102,355,A,1,9,10,,0
4534,SHOWLOWAUD,EC,K,122,356,A,1,10,1,,0
4534,SHOWLOWAUD,EC,K,120,357,A,0,10,2,,0
4534,SHOWLOWAUD,EC,K,118,358,A,0,10,3,,0
4534,SHOWLOWAUD,EC,K,116,359,A,0,10,4,,0
4534,SHOWLOWAUD,EC,K,114,360,A,0,10,5,,0
4534,SHOWLOWAUD,EC,K,112,361,A,0,10,6,,0
4534,SHOWLOWAUD,EC,K,110,362,A,0,10,7,,0
4534,SHOWLOWAUD,EC,K,108,363,A,0,10,8,,0
4534,SHOWLOWAUD,EC,K,106,364,A,0,10,9,,0
4534,SHOWLOWAUD,EC,K,104,365,A,0,10,10,,0
4534,SHOWLOWAUD,EC,K,102,366,A,1,10,11,,0
4534,SHOWLOWAUD,EC,L,122,367,A,1,11,1,,0
4534,SHOWLOWAUD,EC,L,120,368,A,0,11,2,,0
4534,SHOWLOWAUD,EC,L,118,369,A,0,11,3,,0
4534,SHOWLOWAUD,EC,L,116,370,A,0,11,4,,0
4534,SHOWLOWAUD,EC,L,114,371,A,0,11,5,,0
4534,SHOWLOWAUD,EC,L,112,372,A,0,11,6,,0
4534,SHOWLOWAUD,EC,L,110,373,A,0,11,7,,0
4534,SHOWLOWAUD,EC,L,108,374,A,0,11,8,,0
4534,SHOWLOWAUD,EC,L,106,375,A,0,11,9,,0
4534,SHOWLOWAUD,EC,L,104,376,A,0,11,10,,0
4534,SHOWLOWAUD,EC,L,102,377,A,1,11,11,,0
4534,SHOWLOWAUD,EC,M,124,378,A,1,12,1,,0
4534,SHOWLOWAUD,EC,M,122,379,A,0,12,2,,0
4534,SHOWLOWAUD,EC,M,120,380,A,0,12,3,,0
4534,SHOWLOWAUD,EC,M,118,381,A,0,12,4,,0
4534,SHOWLOWAUD,EC,M,116,382,A,0,12,5,,0
4534,SHOWLOWAUD,EC,M,114,383,A,0,12,6,,0
4534,SHOWLOWAUD,EC,M,112,384,A,0,12,7,,0
4534,SHOWLOWAUD,EC,M,110,385,A,0,12,8,,0
4534,SHOWLOWAUD,EC,M,108,386,A,0,12,9,,0
4534,SHOWLOWAUD,EC,M,106,387,A,0,12,10,,0
4534,SHOWLOWAUD,EC,M,104,388,A,0,12,11,,0
4534,SHOWLOWAUD,EC,M,102,389,A,1,12,12,,0
4534,SHOWLOWAUD,EC,N,124,390,A,1,13,1,,0
4534,SHOWLOWAUD,EC,N,122,391,A,0,13,2,,0
4534,SHOWLOWAUD,EC,N,120,392,A,0,13,3,,0
4534,SHOWLOWAUD,EC,N,118,393,A,0,13,4,,0
4534,SHOWLOWAUD,EC,N,116,394,A,0,13,5,,0
4534,SHOWLOWAUD,EC,N,114,395,A,0,13,6,,0
4534,SHOWLOWAUD,EC,N,112,396,A,0,13,7,,0
4534,SHOWLOWAUD,EC,N,110,397,A,0,13,8,,0
4534,SHOWLOWAUD,EC,N,108,398,A,0,13,9,,0
4534,SHOWLOWAUD,EC,N,106,399,A,0,13,10,,0
4534,SHOWLOWAUD,EC,N,104,400,A,0,13,11,,0
4534,SHOWLOWAUD,EC,N,102,401,A,1,13,12,,0
4534,SHOWLOWAUD,EC,O,124,402,A,1,14,1,,0
4534,SHOWLOWAUD,EC,O,122,403,A,0,14,2,,0
4534,SHOWLOWAUD,EC,O,120,404,A,0,14,3,,0
4534,SHOWLOWAUD,EC,O,118,405,A,0,14,4,,0
4534,SHOWLOWAUD,EC,O,116,406,A,0,14,5,,0
4534,SHOWLOWAUD,EC,O,114,407,A,0,14,6,,0
4534,SHOWLOWAUD,EC,O,112,408,A,0,14,7,,0
4534,SHOWLOWAUD,EC,O,110,409,A,0,14,8,,0
4534,SHOWLOWAUD,EC,O,108,410,A,0,14,9,,0
4534,SHOWLOWAUD,EC,O,106,411,A,0,14,10,,0
4534,SHOWLOWAUD,EC,O,104,412,A,0,14,11,,0
4534,SHOWLOWAUD,EC,O,102,413,A,1,14,12,,0
4534,SHOWLOWAUD,EC,P,126,414,A,1,15,1,,0
4534,SHOWLOWAUD,EC,P,124,415,A,0,15,2,,0
4534,SHOWLOWAUD,EC,P,122,416,A,0,15,3,,0
4534,SHOWLOWAUD,EC,P,120,417,A,0,15,4,,0
4534,SHOWLOWAUD,EC,P,118,418,A,0,15,5,,0
4534,SHOWLOWAUD,EC,P,116,419,A,0,15,6,,0
4534,SHOWLOWAUD,EC,P,114,420,A,0,15,7,,0
4534,SHOWLOWAUD,EC,P,112,421,A,0,15,8,,0
4534,SHOWLOWAUD,EC,P,110,422,A,0,15,9,,0
4534,SHOWLOWAUD,EC,P,108,423,A,0,15,10,,0
4534,SHOWLOWAUD,EC,P,106,424,A,0,15,11,,0
4534,SHOWLOWAUD,EC,P,104,425,A,0,15,12,,0
4534,SHOWLOWAUD,EC,P,102,426,A,1,15,13,,0
4534,SHOWLOWAUD,EC,Q,126,427,A,1,16,1,,0
4534,SHOWLOWAUD,EC,Q,124,428,A,0,16,2,,0
4534,SHOWLOWAUD,EC,Q,122,429,A,0,16,3,,0
4534,SHOWLOWAUD,EC,Q,120,430,A,0,16,4,,0
4534,SHOWLOWAUD,EC,Q,118,431,A,0,16,5,,0
4534,SHOWLOWAUD,EC,Q,116,432,A,0,16,6,,0
4534,SHOWLOWAUD,EC,Q,114,433,A,0,16,7,,0
4534,SHOWLOWAUD,EC,Q,112,434,A,0,16,8,,0
4534,SHOWLOWAUD,EC,Q,110,435,A,0,16,9,,0
4534,SHOWLOWAUD,EC,Q,108,436,A,0,16,10,,0
4534,SHOWLOWAUD,EC,Q,106,437,A,0,16,11,,0
4534,SHOWLOWAUD,EC,Q,104,438,A,0,16,12,,0
4534,SHOWLOWAUD,EC,Q,102,439,A,1,16,13,,0
4534,SHOWLOWAUD,EC,R,126,440,A,1,17,1,,0
4534,SHOWLOWAUD,EC,R,124,441,A,0,17,2,,0
4534,SHOWLOWAUD,EC,R,122,442,A,0,17,3,,0
4534,SHOWLOWAUD,EC,R,120,443,A,0,17,4,,0
4534,SHOWLOWAUD,EC,R,118,444,A,0,17,5,,0
4534,SHOWLOWAUD,EC,R,116,445,A,0,17,6,,0
4534,SHOWLOWAUD,EC,R,114,446,A,0,17,7,,0
4534,SHOWLOWAUD,EC,R,112,447,A,0,17,8,,0
4534,SHOWLOWAUD,EC,R,110,448,A,0,17,9,,0
4534,SHOWLOWAUD,EC,R,108,449,A,0,17,10,,0
4534,SHOWLOWAUD,EC,R,106,450,A,0,17,11,,0
4534,SHOWLOWAUD,EC,R,104,451,A,0,17,12,,0
4534,SHOWLOWAUD,EC,R,102,452,A,1,17,13,,0
4534,SHOWLOWAUD,EC,S,126,453,A,1,18,1,,0
4534,SHOWLOWAUD,EC,S,124,454,A,0,18,2,,0
4534,SHOWLOWAUD,EC,S,122,455,A,0,18,3,,0
4534,SHOWLOWAUD,EC,S,120,456,A,0,18,4,,0
4534,SHOWLOWAUD,EC,S,118,457,A,0,18,5,,0
4534,SHOWLOWAUD,EC,S,116,458,A,0,18,6,,0
4534,SHOWLOWAUD,EC,S,114,459,A,0,18,7,,0
4534,SHOWLOWAUD,EC,S,112,460,A,0,18,8,,0
4534,SHOWLOWAUD,EC,S,110,461,A,0,18,9,,0
4534,SHOWLOWAUD,EC,S,108,462,A,0,18,10,,0
4534,SHOWLOWAUD,EC,S,106,463,A,0,18,11,,0
4534,SHOWLOWAUD,EC,S,104,464,A,0,18,12,,0
4534,SHOWLOWAUD,EC,S,102,465,A,1,18,13,,0
4534,SHOWLOWAUD,EC,T,128,466,A,1,19,1,,0
4534,SHOWLOWAUD,EC,T,126,467,A,0,19,2,,0
4534,SHOWLOWAUD,EC,T,124,468,A,0,19,3,,0
4534,SHOWLOWAUD,EC,T,122,469,A,0,19,4,,0
4534,SHOWLOWAUD,EC,T,120,470,A,0,19,5,,0
4534,SHOWLOWAUD,EC,T,118,471,A,0,19,6,,0
4534,SHOWLOWAUD,EC,T,116,472,A,0,19,7,,0
4534,SHOWLOWAUD,EC,T,114,473,A,0,19,8,,0
4534,SHOWLOWAUD,EC,T,112,474,A,0,19,9,,0
4534,SHOWLOWAUD,EC,T,110,475,A,0,19,10,,0
4534,SHOWLOWAUD,EC,T,108,476,A,0,19,11,,0
4534,SHOWLOWAUD,EC,T,106,477,A,0,19,12,,0
4534,SHOWLOWAUD,EC,T,104,478,A,0,19,13,,0
4534,SHOWLOWAUD,EC,T,102,479,A,1,19,14,,0
4534,SHOWLOWAUD,EC,U,128,480,A,1,20,1,,0
4534,SHOWLOWAUD,EC,U,126,481,A,0,20,2,,0
4534,SHOWLOWAUD,EC,U,124,482,A,0,20,3,,0
4534,SHOWLOWAUD,EC,U,122,483,A,0,20,4,,0
4534,SHOWLOWAUD,EC,U,120,484,A,0,20,5,,0
4534,SHOWLOWAUD,EC,U,118,485,A,0,20,6,,0
4534,SHOWLOWAUD,EC,U,116,486,A,0,20,7,,0
4534,SHOWLOWAUD,EC,U,114,487,A,0,20,8,,0
4534,SHOWLOWAUD,EC,U,112,488,A,0,20,9,,0
4534,SHOWLOWAUD,EC,U,110,489,A,0,20,10,,0
4534,SHOWLOWAUD,EC,U,108,490,A,0,20,11,,0
4534,SHOWLOWAUD,EC,U,106,491,A,0,20,12,,0
4534,SHOWLOWAUD,EC,U,104,492,A,0,20,13,,0
4534,SHOWLOWAUD,EC,U,102,493,A,1,20,14,,0
4534,SHOWLOWAUD,EC,V,128,494,A,1,21,1,,0
4534,SHOWLOWAUD,EC,V,126,495,A,0,21,2,,0
4534,SHOWLOWAUD,EC,V,124,496,A,0,21,3,,0
4534,SHOWLOWAUD,EC,V,122,497,A,0,21,4,,0
4534,SHOWLOWAUD,EC,V,120,498,A,0,21,5,,0
4534,SHOWLOWAUD,EC,V,118,499,A,0,21,6,,0
4534,SHOWLOWAUD,EC,V,116,500,A,0,21,7,,0
4534,SHOWLOWAUD,EC,V,114,501,A,0,21,8,,0
4534,SHOWLOWAUD,EC,V,112,502,A,0,21,9,,0
4534,SHOWLOWAUD,EC,V,110,503,A,0,21,10,,0
4534,SHOWLOWAUD,EC,V,108,504,A,0,21,11,,0
4534,SHOWLOWAUD,EC,V,106,505,A,0,21,12,,0
4534,SHOWLOWAUD,EC,V,104,506,A,0,21,13,,0
4534,SHOWLOWAUD,EC,V,102,507,A,1,21,14,,0
4534,SHOWLOWAUD,EC,W,128,508,A,1,22,1,,0
4534,SHOWLOWAUD,EC,W,126,509,A,0,22,2,,0
4534,SHOWLOWAUD,EC,W,124,510,A,0,22,3,,0
4534,SHOWLOWAUD,EC,W,122,511,A,0,22,4,,0
4534,SHOWLOWAUD,EC,W,120,512,A,0,22,5,,0
4534,SHOWLOWAUD,EC,W,118,513,A,0,22,6,,0
4534,SHOWLOWAUD,EC,W,116,514,A,0,22,7,,0
4534,SHOWLOWAUD,EC,W,114,515,A,0,22,8,,0
4534,SHOWLOWAUD,EC,W,112,516,A,0,22,9,,0
4534,SHOWLOWAUD,EC,W,110,517,A,0,22,10,,0
4534,SHOWLOWAUD,EC,W,108,518,A,0,22,11,,0
4534,SHOWLOWAUD,EC,W,106,519,A,0,22,12,,0
4534,SHOWLOWAUD,EC,W,104,520,A,0,22,13,,0
4534,SHOWLOWAUD,EC,W,102,521,A,1,22,14,,0
4534,SHOWLOWAUD,EC,X,124,522,A,1,23,1,,0
4534,SHOWLOWAUD,EC,X,122,523,A,0,23,2,,0
4534,SHOWLOWAUD,EC,X,120,524,A,0,23,3,,0
4534,SHOWLOWAUD,EC,X,118,525,A,0,23,4,,0
4534,SHOWLOWAUD,EC,X,116,526,A,0,23,5,,0
4534,SHOWLOWAUD,EC,X,114,527,A,0,23,6,,0
4534,SHOWLOWAUD,EC,X,112,528,A,0,23,7,,0
4534,SHOWLOWAUD,EC,X,110,529,A,0,23,8,,0
4534,SHOWLOWAUD,EC,X,108,530,A,0,23,9,,0
4534,SHOWLOWAUD,EC,X,106,531,A,0,23,10,,0
4534,SHOWLOWAUD,EC,X,104,532,A,0,23,11,,0
4534,SHOWLOWAUD,EC,X,102,533,A,1,23,12,,0
4534,SHOWLOWAUD,EC,Y,124,534,A,1,24,1,,0
4534,SHOWLOWAUD,EC,Y,122,535,A,0,24,2,,0
4534,SHOWLOWAUD,EC,Y,120,536,A,0,24,3,,0
4534,SHOWLOWAUD,EC,Y,118,537,A,0,24,4,,0
4534,SHOWLOWAUD,EC,Y,116,538,A,0,24,5,,0
4534,SHOWLOWAUD,EC,Y,114,539,A,0,24,6,,0
4534,SHOWLOWAUD,EC,Y,112,540,A,0,24,7,,0
4534,SHOWLOWAUD,EC,Y,110,541,A,0,24,8,,0
4534,SHOWLOWAUD,EC,Y,108,542,A,0,24,9,,0
4534,SHOWLOWAUD,EC,Y,106,543,A,0,24,10,,0
4534,SHOWLOWAUD,EC,Y,104,544,A,0,24,11,,0
4534,SHOWLOWAUD,EC,Y,102,545,A,1,24,12,,0
4534,SHOWLOWAUD,C,A,201,1,A,1,1,1,,0
4534,SHOWLOWAUD,C,A,202,2,A,0,1,2,,0
4534,SHOWLOWAUD,C,A,203,3,A,0,1,3,,0
4534,SHOWLOWAUD,C,A,204,4,A,0,1,4,,0
4534,SHOWLOWAUD,C,A,205,5,A,0,1,5,,0
4534,SHOWLOWAUD,C,A,206,6,A,0,1,6,,0
4534,SHOWLOWAUD,C,A,207,7,A,0,1,7,,0
4534,SHOWLOWAUD,C,A,208,8,A,0,1,8,,0
4534,SHOWLOWAUD,C,A,209,9,A,0,1,9,,0
4534,SHOWLOWAUD,C,A,210,10,A,0,1,10,,0
4534,SHOWLOWAUD,C,A,211,11,A,0,1,11,,0
4534,SHOWLOWAUD,C,A,212,12,A,0,1,12,,0
4534,SHOWLOWAUD,C,A,213,13,A,1,1,13,,0
4534,SHOWLOWAUD,C,B,201,14,A,1,2,1,,0
4534,SHOWLOWAUD,C,B,202,15,A,0,2,2,,0
4534,SHOWLOWAUD,C,B,203,16,A,0,2,3,,0
4534,SHOWLOWAUD,C,B,204,17,A,0,2,4,,0
4534,SHOWLOWAUD,C,B,205,18,A,0,2,5,,0
4534,SHOWLOWAUD,C,B,206,19,A,0,2,6,,0
4534,SHOWLOWAUD,C,B,207,20,A,0,2,7,,0
4534,SHOWLOWAUD,C,B,208,21,A,0,2,8,,0
4534,SHOWLOWAUD,C,B,209,22,A,0,2,9,,0
4534,SHOWLOWAUD,C,B,210,23,A,0,2,10,,0
4534,SHOWLOWAUD,C,B,211,24,A,0,2,11,,0
4534,SHOWLOWAUD,C,B,212,25,A,0,2,12,,0
4534,SHOWLOWAUD,C,B,213,26,A,1,2,13,,0
4534,SHOWLOWAUD,C,C,201,27,A,1,3,1,,0
4534,SHOWLOWAUD,C,C,202,28,A,0,3,2,,0
4534,SHOWLOWAUD,C,C,203,29,A,0,3,3,,0
4534,SHOWLOWAUD,C,C,204,30,A,0,3,4,,0
4534,SHOWLOWAUD,C,C,205,31,A,0,3,5,,0
4534,SHOWLOWAUD,C,C,206,32,A,0,3,6,,0
4534,SHOWLOWAUD,C,C,207,33,A,0,3,7,,0
4534,SHOWLOWAUD,C,C,208,34,A,0,3,8,,0
4534,SHOWLOWAUD,C,C,209,35,A,0,3,9,,0
4534,SHOWLOWAUD,C,C,210,36,A,0,3,10,,0
4534,SHOWLOWAUD,C,C,211,37,A,0,3,11,,0
4534,SHOWLOWAUD,C,C,212,38,A,0,3,12,,0
4534,SHOWLOWAUD,C,C,213,39,A,1,3,13,,0
4534,SHOWLOWAUD,C,D,201,40,A,1,4,1,,0
4534,SHOWLOWAUD,C,D,202,41,A,0,4,2,,0
4534,SHOWLOWAUD,C,D,203,42,A,0,4,3,,0
4534,SHOWLOWAUD,C,D,204,43,A,0,4,4,,0
4534,SHOWLOWAUD,C,D,205,44,A,0,4,5,,0
4534,SHOWLOWAUD,C,D,206,45,A,0,4,6,,0
4534,SHOWLOWAUD,C,D,207,46,A,0,4,7,,0
4534,SHOWLOWAUD,C,D,208,47,A,0,4,8,,0
4534,SHOWLOWAUD,C,D,209,48,A,0,4,9,,0
4534,SHOWLOWAUD,C,D,210,49,A,0,4,10,,0
4534,SHOWLOWAUD,C,D,211,50,A,0,4,11,,0
4534,SHOWLOWAUD,C,D,212,51,A,0,4,12,,0
4534,SHOWLOWAUD,C,D,213,52,A,1,4,13,,0
4534,SHOWLOWAUD,C,E,201,53,A,1,5,1,,0
4534,SHOWLOWAUD,C,E,202,54,A,0,5,2,,0
4534,SHOWLOWAUD,C,E,203,55,A,0,5,3,,0
4534,SHOWLOWAUD,C,E,204,56,A,0,5,4,,0
4534,SHOWLOWAUD,C,E,205,57,A,0,5,5,,0
4534,SHOWLOWAUD,C,E,206,58,A,0,5,6,,0
4534,SHOWLOWAUD,C,E,207,59,A,0,5,7,,0
4534,SHOWLOWAUD,C,E,208,60,A,0,5,8,,0
4534,SHOWLOWAUD,C,E,209,61,A,0,5,9,,0
4534,SHOWLOWAUD,C,E,210,62,A,0,5,10,,0
4534,SHOWLOWAUD,C,E,211,63,A,0,5,11,,0
4534,SHOWLOWAUD,C,E,212,64,A,0,5,12,,0
4534,SHOWLOWAUD,C,E,213,65,A,1,5,13,,0
4534,SHOWLOWAUD,C,F,201,66,A,1,6,1,,0
4534,SHOWLOWAUD,C,F,202,67,A,0,6,2,,0
4534,SHOWLOWAUD,C,F,203,68,A,0,6,3,,0
4534,SHOWLOWAUD,C,F,204,69,A,0,6,4,,0
4534,SHOWLOWAUD,C,F,205,70,A,0,6,5,,0
4534,SHOWLOWAUD,C,F,206,71,A,0,6,6,,0
4534,SHOWLOWAUD,C,F,207,72,A,0,6,7,,0
4534,SHOWLOWAUD,C,F,208,73,A,0,6,8,,0
4534,SHOWLOWAUD,C,F,209,74,A,0,6,9,,0
4534,SHOWLOWAUD,C,F,210,75,A,0,6,10,,0
4534,SHOWLOWAUD,C,F,211,76,A,0,6,11,,0
4534,SHOWLOWAUD,C,F,212,77,A,0,6,12,,0
4534,SHOWLOWAUD,C,F,213,78,A,1,6,13,,0
4534,SHOWLOWAUD,C,G,201,79,A,1,7,1,,0
4534,SHOWLOWAUD,C,G,202,80,A,0,7,2,,0
4534,SHOWLOWAUD,C,G,203,81,A,0,7,3,,0
4534,SHOWLOWAUD,C,G,204,82,A,0,7,4,,0
4534,SHOWLOWAUD,C,G,205,83,A,0,7,5,,0
4534,SHOWLOWAUD,C,G,206,84,A,0,7,6,,0
4534,SHOWLOWAUD,C,G,207,85,A,0,7,7,,0
4534,SHOWLOWAUD,C,G,208,86,A,0,7,8,,0
4534,SHOWLOWAUD,C,G,209,87,A,0,7,9,,0
4534,SHOWLOWAUD,C,G,210,88,A,0,7,10,,0
4534,SHOWLOWAUD,C,G,211,89,A,0,7,11,,0
4534,SHOWLOWAUD,C,G,212,90,A,0,7,12,,0
4534,SHOWLOWAUD,C,G,213,91,A,1,7,13,,0
4534,SHOWLOWAUD,C,H,201,92,A,1,8,1,,0
4534,SHOWLOWAUD,C,H,202,93,A,0,8,2,,0
4534,SHOWLOWAUD,C,H,203,94,A,0,8,3,,0
4534,SHOWLOWAUD,C,H,204,95,A,0,8,4,,0
4534,SHOWLOWAUD,C,H,205,96,A,0,8,5,,0
4534,SHOWLOWAUD,C,H,206,97,A,0,8,6,,0
4534,SHOWLOWAUD,C,H,207,98,A,0,8,7,,0
4534,SHOWLOWAUD,C,H,208,99,A,0,8,8,,0
4534,SHOWLOWAUD,C,H,209,100,A,0,8,9,,0
4534,SHOWLOWAUD,C,H,210,101,A,0,8,10,,0
4534,SHOWLOWAUD,C,H,211,102,A,0,8,11,,0
4534,SHOWLOWAUD,C,H,212,103,A,0,8,12,,0
4534,SHOWLOWAUD,C,H,213,104,A,1,8,13,,0
4534,SHOWLOWAUD,C,J,201,105,A,1,9,1,,0
4534,SHOWLOWAUD,C,J,202,106,A,0,9,2,,0
4534,SHOWLOWAUD,C,J,203,107,A,0,9,3,,0
4534,SHOWLOWAUD,C,J,204,108,A,0,9,4,,0
4534,SHOWLOWAUD,C,J,205,109,A,0,9,5,,0
4534,SHOWLOWAUD,C,J,206,110,A,0,9,6,,0
4534,SHOWLOWAUD,C,J,207,111,A,0,9,7,,0
4534,SHOWLOWAUD,C,J,208,112,A,0,9,8,,0
4534,SHOWLOWAUD,C,J,209,113,A,0,9,9,,0
4534,SHOWLOWAUD,C,J,210,114,A,0,9,10,,0
4534,SHOWLOWAUD,C,J,211,115,A,0,9,11,,0
4534,SHOWLOWAUD,C,J,212,116,A,0,9,12,,0
4534,SHOWLOWAUD,C,J,213,117,A,1,9,13,,0
4534,SHOWLOWAUD,C,K,201,118,A,1,10,1,,0
4534,SHOWLOWAUD,C,K,202,119,A,0,10,2,,0
4534,SHOWLOWAUD,C,K,203,120,A,0,10,3,,0
4534,SHOWLOWAUD,C,K,204,121,A,0,10,4,,0
4534,SHOWLOWAUD,C,K,205,122,A,0,10,5,,0
4534,SHOWLOWAUD,C,K,206,123,A,0,10,6,,0
4534,SHOWLOWAUD,C,K,207,124,A,0,10,7,,0
4534,SHOWLOWAUD,C,K,208,125,A,0,10,8,,0
4534,SHOWLOWAUD,C,K,209,126,A,0,10,9,,0
4534,SHOWLOWAUD,C,K,210,127,A,0,10,10,,0
4534,SHOWLOWAUD,C,K,211,128,A,0,10,11,,0
4534,SHOWLOWAUD,C,K,212,129,A,0,10,12,,0
4534,SHOWLOWAUD,C,K,213,130,A,1,10,13,,0
4534,SHOWLOWAUD,C,L,201,131,A,1,11,1,,0
4534,SHOWLOWAUD,C,L,202,132,A,0,11,2,,0
4534,SHOWLOWAUD,C,L,203,133,A,0,11,3,,0
4534,SHOWLOWAUD,C,L,204,134,A,0,11,4,,0
4534,SHOWLOWAUD,C,L,205,135,A,0,11,5,,0
4534,SHOWLOWAUD,C,L,206,136,A,0,11,6,,0
4534,SHOWLOWAUD,C,L,207,137,A,0,11,7,,0
4534,SHOWLOWAUD,C,L,208,138,A,0,11,8,,0
4534,SHOWLOWAUD,C,L,209,139,A,0,11,9,,0
4534,SHOWLOWAUD,C,L,210,140,A,0,11,10,,0
4534,SHOWLOWAUD,C,L,211,141,A,0,11,11,,0
4534,SHOWLOWAUD,C,L,212,142,A,0,11,12,,0
4534,SHOWLOWAUD,C,L,213,143,A,1,11,13,,0
4534,SHOWLOWAUD,C,M,201,144,A,1,13,1,,0
4534,SHOWLOWAUD,C,M,202,145,A,0,13,2,,0
4534,SHOWLOWAUD,C,M,203,146,A,0,13,3,,0
4534,SHOWLOWAUD,C,M,204,147,A,0,13,4,,0
4534,SHOWLOWAUD,C,M,205,148,A,0,13,5,,0
4534,SHOWLOWAUD,C,M,206,149,A,0,13,6,,0
4534,SHOWLOWAUD,C,M,207,150,A,0,13,7,,0
4534,SHOWLOWAUD,C,M,208,151,A,0,13,8,,0
4534,SHOWLOWAUD,C,M,209,152,A,0,13,9,,0
4534,SHOWLOWAUD,C,M,210,153,A,0,13,10,,0
4534,SHOWLOWAUD,C,M,211,154,A,0,13,11,,0
4534,SHOWLOWAUD,C,M,212,155,A,0,13,12,,0
4534,SHOWLOWAUD,C,M,213,156,A,1,13,13,,0
4534,SHOWLOWAUD,C,N,201,157,A,1,14,1,,0
4534,SHOWLOWAUD,C,N,202,158,A,0,14,2,,0
4534,SHOWLOWAUD,C,N,203,159,A,0,14,3,,0
4534,SHOWLOWAUD,C,N,204,160,A,0,14,4,,0
4534,SHOWLOWAUD,C,N,205,161,A,0,14,5,,0
4534,SHOWLOWAUD,C,N,206,162,A,0,14,6,,0
4534,SHOWLOWAUD,C,N,207,163,A,0,14,7,,0
4534,SHOWLOWAUD,C,N,208,164,A,0,14,8,,0
4534,SHOWLOWAUD,C,N,209,165,A,0,14,9,,0
4534,SHOWLOWAUD,C,N,210,166,A,0,14,10,,0
4534,SHOWLOWAUD,C,N,211,167,A,0,14,11,,0
4534,SHOWLOWAUD,C,N,212,168,A,0,14,12,,0
4534,SHOWLOWAUD,C,N,213,169,A,1,14,13,,0
4534,SHOWLOWAUD,C,O,201,170,A,1,15,1,,0
4534,SHOWLOWAUD,C,O,202,171,A,0,15,2,,0
4534,SHOWLOWAUD,C,O,203,172,A,0,15,3,,0
4534,SHOWLOWAUD,C,O,204,173,A,0,15,4,,0
4534,SHOWLOWAUD,C,O,205,174,A,0,15,5,,0
4534,SHOWLOWAUD,C,O,206,175,A,0,15,6,,0
4534,SHOWLOWAUD,C,O,207,176,A,0,15,7,,0
4534,SHOWLOWAUD,C,O,208,177,A,0,15,8,,0
4534,SHOWLOWAUD,C,O,209,178,A,0,15,9,,0
4534,SHOWLOWAUD,C,O,210,179,A,0,15,10,,0
4534,SHOWLOWAUD,C,O,211,180,A,0,15,11,,0
4534,SHOWLOWAUD,C,O,212,181,A,0,15,12,,0
4534,SHOWLOWAUD,C,O,213,182,A,1,15,13,,0
4534,SHOWLOWAUD,C,P,201,183,A,1,16,1,,0
4534,SHOWLOWAUD,C,P,202,184,A,0,16,2,,0
4534,SHOWLOWAUD,C,P,203,185,A,0,16,3,,0
4534,SHOWLOWAUD,C,P,204,186,A,0,16,4,,0
4534,SHOWLOWAUD,C,P,205,187,A,0,16,5,,0
4534,SHOWLOWAUD,C,P,206,188,A,0,16,6,,0
4534,SHOWLOWAUD,C,P,207,189,A,0,16,7,,0
4534,SHOWLOWAUD,C,P,208,190,A,0,16,8,,0
4534,SHOWLOWAUD,C,P,209,191,A,0,16,9,,0
4534,SHOWLOWAUD,C,P,210,192,A,0,16,10,,0
4534,SHOWLOWAUD,C,P,211,193,A,0,16,11,,0
4534,SHOWLOWAUD,C,P,212,194,A,0,16,12,,0
4534,SHOWLOWAUD,C,P,213,195,A,1,16,13,,0
4534,SHOWLOWAUD,C,Q,201,196,A,1,17,1,,0
4534,SHOWLOWAUD,C,Q,202,197,A,0,17,2,,0
4534,SHOWLOWAUD,C,Q,203,198,A,0,17,3,,0
4534,SHOWLOWAUD,C,Q,204,199,A,0,17,4,,0
4534,SHOWLOWAUD,C,Q,205,200,A,0,17,5,,0
4534,SHOWLOWAUD,C,Q,206,201,A,0,17,6,,0
4534,SHOWLOWAUD,C,Q,207,202,A,0,17,7,,0
4534,SHOWLOWAUD,C,Q,208,203,A,0,17,8,,0
4534,SHOWLOWAUD,C,Q,209,204,A,0,17,9,,0
4534,SHOWLOWAUD,C,Q,210,205,A,0,17,10,,0
4534,SHOWLOWAUD,C,Q,211,206,A,0,17,11,,0
4534,SHOWLOWAUD,C,Q,212,207,A,0,17,12,,0
4534,SHOWLOWAUD,C,Q,213,208,A,1,17,13,,0
4534,SHOWLOWAUD,C,R,201,209,A,1,18,1,,0
4534,SHOWLOWAUD,C,R,202,210,A,0,18,2,,0
4534,SHOWLOWAUD,C,R,203,211,A,0,18,3,,0
4534,SHOWLOWAUD,C,R,204,212,A,0,18,4,,0
4534,SHOWLOWAUD,C,R,205,213,A,0,18,5,,0
4534,SHOWLOWAUD,C,R,206,214,A,0,18,6,,0
4534,SHOWLOWAUD,C,R,207,215,A,0,18,7,,0
4534,SHOWLOWAUD,C,R,208,216,A,0,18,8,,0
4534,SHOWLOWAUD,C,R,209,217,A,0,18,9,,0
4534,SHOWLOWAUD,C,R,210,218,A,0,18,10,,0
4534,SHOWLOWAUD,C,R,211,219,A,0,18,11,,0
4534,SHOWLOWAUD,C,R,212,220,A,0,18,12,,0
4534,SHOWLOWAUD,C,R,213,221,A,1,18,13,,0
4534,SHOWLOWAUD,C,S,201,222,A,1,19,1,,0
4534,SHOWLOWAUD,C,S,202,223,A,0,19,2,,0
4534,SHOWLOWAUD,C,S,203,224,A,0,19,3,,0
4534,SHOWLOWAUD,C,S,204,225,A,0,19,4,,0
4534,SHOWLOWAUD,C,S,205,226,A,0,19,5,,0
4534,SHOWLOWAUD,C,S,206,227,A,0,19,6,,0
4534,SHOWLOWAUD,C,S,207,228,A,0,19,7,,0
4534,SHOWLOWAUD,C,S,208,229,A,0,19,8,,0
4534,SHOWLOWAUD,C,S,209,230,A,0,19,9,,0
4534,SHOWLOWAUD,C,S,210,231,A,0,19,10,,0
4534,SHOWLOWAUD,C,S,211,232,A,0,19,11,,0
4534,SHOWLOWAUD,C,S,212,233,A,0,19,12,,0
4534,SHOWLOWAUD,C,S,213,234,A,1,19,13,,0
4534,SHOWLOWAUD,C,T,201,235,A,1,20,1,,0
4534,SHOWLOWAUD,C,T,202,236,A,0,20,2,,0
4534,SHOWLOWAUD,C,T,203,237,A,0,20,3,,0
4534,SHOWLOWAUD,C,T,204,238,A,0,20,4,,0
4534,SHOWLOWAUD,C,T,205,239,A,0,20,5,,0
4534,SHOWLOWAUD,C,T,206,240,A,0,20,6,,0
4534,SHOWLOWAUD,C,T,207,241,A,0,20,7,,0
4534,SHOWLOWAUD,C,T,208,242,A,0,20,8,,0
4534,SHOWLOWAUD,C,T,209,243,A,0,20,9,,0
4534,SHOWLOWAUD,C,T,210,244,A,0,20,10,,0
4534,SHOWLOWAUD,C,T,211,245,A,0,20,11,,0
4534,SHOWLOWAUD,C,T,212,246,A,0,20,12,,0
4534,SHOWLOWAUD,C,T,213,247,A,1,20,13,,0
4534,SHOWLOWAUD,C,U,201,248,A,1,21,1,,0
4534,SHOWLOWAUD,C,U,202,249,A,0,21,2,,0
4534,SHOWLOWAUD,C,U,203,250,A,0,21,3,,0
4534,SHOWLOWAUD,C,U,204,251,A,0,21,4,,0
4534,SHOWLOWAUD,C,U,205,252,A,0,21,5,,0
4534,SHOWLOWAUD,C,U,206,253,A,0,21,6,,0
4534,SHOWLOWAUD,C,U,207,254,A,0,21,7,,0
4534,SHOWLOWAUD,C,U,208,255,A,0,21,8,,0
4534,SHOWLOWAUD,C,U,209,256,A,0,21,9,,0
4534,SHOWLOWAUD,C,U,210,257,A,0,21,10,,0
4534,SHOWLOWAUD,C,U,211,258,A,0,21,11,,0
4534,SHOWLOWAUD,C,U,212,259,A,0,21,12,,0
4534,SHOWLOWAUD,C,U,213,260,A,1,21,13,,0
4534,SHOWLOWAUD,C,V,201,261,A,1,22,1,,0
4534,SHOWLOWAUD,C,V,202,262,A,0,22,2,,0
4534,SHOWLOWAUD,C,V,203,263,A,0,22,3,,0
4534,SHOWLOWAUD,C,V,204,264,A,0,22,4,,0
4534,SHOWLOWAUD,C,V,205,265,A,0,22,5,,0
4534,SHOWLOWAUD,C,V,206,266,A,0,22,6,,0
4534,SHOWLOWAUD,C,V,207,267,A,0,22,7,,0
4534,SHOWLOWAUD,C,V,208,268,A,0,22,8,,0
4534,SHOWLOWAUD,C,V,209,269,A,0,22,9,,0
4534,SHOWLOWAUD,C,V,210,270,A,0,22,10,,0
4534,SHOWLOWAUD,C,V,211,271,A,0,22,11,,0
4534,SHOWLOWAUD,C,V,212,272,A,0,22,12,,0
4534,SHOWLOWAUD,C,V,213,273,A,1,22,13,,0
4534,SHOWLOWAUD,C,W,201,274,A,1,23,1,,0
4534,SHOWLOWAUD,C,W,202,275,A,0,23,2,,0
4534,SHOWLOWAUD,C,W,203,276,A,0,23,3,,0
4534,SHOWLOWAUD,C,W,204,277,A,0,23,4,,0
4534,SHOWLOWAUD,C,W,205,278,A,0,23,5,,0
4534,SHOWLOWAUD,C,W,206,279,A,0,23,6,,0
4534,SHOWLOWAUD,C,W,207,280,A,0,23,7,,0
4534,SHOWLOWAUD,C,W,208,281,A,0,23,8,,0
4534,SHOWLOWAUD,C,W,209,282,A,0,23,9,,0
4534,SHOWLOWAUD,C,W,210,283,A,0,23,10,,0
4534,SHOWLOWAUD,C,W,211,284,A,0,23,11,,0
4534,SHOWLOWAUD,C,W,212,285,A,0,23,12,,0
4534,SHOWLOWAUD,C,W,213,286,A,1,23,13,,0
4534,SHOWLOWAUD,C,X,ADA1,1187,A,1,24,1,,0
4534,SHOWLOWAUD,C,X,ADA2,1188,A,1,24,1,,0
4534,SHOWLOWAUD,C,X,201,287,A,1,24,1,,0
4534,SHOWLOWAUD,C,X,202,288,A,0,24,2,,0
4534,SHOWLOWAUD,C,X,203,289,A,0,24,3,,0
4534,SHOWLOWAUD,C,X,204,290,A,0,24,4,,0
4534,SHOWLOWAUD,C,X,205,291,A,0,24,5,,0
4534,SHOWLOWAUD,C,X,206,292,A,0,24,6,,0
4534,SHOWLOWAUD,C,X,207,293,A,0,24,7,,0
4534,SHOWLOWAUD,C,X,208,294,A,1,24,8,,0
4534,SHOWLOWAUD,C,X,ADA3,1189,A,1,24,1,,0
4534,SHOWLOWAUD,C,X,ADA4,1190,A,1,24,1,,0
4534,SHOWLOWAUD,WC,A,101,546,A,1,1,1,,0
4534,SHOWLOWAUD,WC,A,103,547,A,0,1,2,,0
4534,SHOWLOWAUD,WC,A,105,548,A,0,1,3,,0
4534,SHOWLOWAUD,WC,A,107,549,A,1,1,4,,0
4534,SHOWLOWAUD,WC,B,101,550,A,1,2,1,,0
4534,SHOWLOWAUD,WC,B,103,551,A,0,2,2,,0
4534,SHOWLOWAUD,WC,B,105,552,A,0,2,3,,0
4534,SHOWLOWAUD,WC,B,107,553,A,0,2,4,,0
4534,SHOWLOWAUD,WC,B,109,554,A,1,2,5,,0
4534,SHOWLOWAUD,WC,C,101,555,A,1,3,1,,0
4534,SHOWLOWAUD,WC,C,103,556,A,0,3,2,,0
4534,SHOWLOWAUD,WC,C,105,557,A,0,3,3,,0
4534,SHOWLOWAUD,WC,C,107,558,A,0,3,4,,0
4534,SHOWLOWAUD,WC,C,109,559,A,1,3,5,,0
4534,SHOWLOWAUD,WC,D,101,560,A,1,3,1,,0
4534,SHOWLOWAUD,WC,D,103,561,A,0,3,2,,0
4534,SHOWLOWAUD,WC,D,105,562,A,0,3,3,,0
4534,SHOWLOWAUD,WC,D,107,563,A,0,3,4,,0
4534,SHOWLOWAUD,WC,D,109,564,A,0,3,5,,0
4534,SHOWLOWAUD,WC,D,111,565,A,1,3,6,,0
4534,SHOWLOWAUD,WC,E,101,566,A,1,4,1,,0
4534,SHOWLOWAUD,WC,E,103,567,A,0,4,2,,0
4534,SHOWLOWAUD,WC,E,105,568,A,0,4,3,,0
4534,SHOWLOWAUD,WC,E,107,569,A,0,4,4,,0
4534,SHOWLOWAUD,WC,E,109,570,A,0,4,5,,0
4534,SHOWLOWAUD,WC,E,111,571,A,0,4,6,,0
4534,SHOWLOWAUD,WC,E,113,572,A,1,4,7,,0
4534,SHOWLOWAUD,WC,F,101,573,A,1,5,1,,0
4534,SHOWLOWAUD,WC,F,103,574,A,0,5,2,,0
4534,SHOWLOWAUD,WC,F,105,575,A,0,5,3,,0
4534,SHOWLOWAUD,WC,F,107,576,A,0,5,4,,0
4534,SHOWLOWAUD,WC,F,109,577,A,0,5,5,,0
4534,SHOWLOWAUD,WC,F,111,578,A,0,5,6,,0
4534,SHOWLOWAUD,WC,F,113,579,A,1,5,7,,0
4534,SHOWLOWAUD,WC,G,101,580,A,1,6,1,,0
4534,SHOWLOWAUD,WC,G,103,581,A,0,6,2,,0
4534,SHOWLOWAUD,WC,G,105,582,A,0,6,3,,0
4534,SHOWLOWAUD,WC,G,107,583,A,0,6,4,,0
4534,SHOWLOWAUD,WC,G,109,584,A,0,6,5,,0
4534,SHOWLOWAUD,WC,G,111,585,A,0,6,6,,0
4534,SHOWLOWAUD,WC,G,113,586,A,0,6,7,,0
4534,SHOWLOWAUD,WC,G,115,587,A,1,6,8,,0
4534,SHOWLOWAUD,WC,H,101,588,A,1,7,1,,0
4534,SHOWLOWAUD,WC,H,103,589,A,0,7,2,,0
4534,SHOWLOWAUD,WC,H,105,590,A,0,7,3,,0
4534,SHOWLOWAUD,WC,H,107,591,A,0,7,4,,0
4534,SHOWLOWAUD,WC,H,109,592,A,0,7,5,,0
4534,SHOWLOWAUD,WC,H,111,593,A,0,7,6,,0
4534,SHOWLOWAUD,WC,H,113,594,A,0,7,7,,0
4534,SHOWLOWAUD,WC,H,115,595,A,0,7,8,,0
4534,SHOWLOWAUD,WC,H,117,596,A,1,7,9,,0
4534,SHOWLOWAUD,WC,J,101,597,A,1,8,1,,0
4534,SHOWLOWAUD,WC,J,103,598,A,0,8,2,,0
4534,SHOWLOWAUD,WC,J,105,599,A,0,8,3,,0
4534,SHOWLOWAUD,WC,J,107,600,A,0,8,4,,0
4534,SHOWLOWAUD,WC,J,109,601,A,0,8,5,,0
4534,SHOWLOWAUD,WC,J,111,602,A,0,8,6,,0
4534,SHOWLOWAUD,WC,J,113,603,A,0,8,7,,0
4534,SHOWLOWAUD,WC,J,115,604,A,0,8,8,,0
4534,SHOWLOWAUD,WC,J,117,605,A,0,8,9,,0
4534,SHOWLOWAUD,WC,J,119,606,A,0,8,10,,0
4534,SHOWLOWAUD,WC,J,101,607,A,1,8,1,,0
4534,SHOWLOWAUD,WC,K,103,608,A,1,9,2,,0
4534,SHOWLOWAUD,WC,K,105,609,A,0,9,3,,0
4534,SHOWLOWAUD,WC,K,107,610,A,0,9,4,,0
4534,SHOWLOWAUD,WC,K,109,611,A,0,9,5,,0
4534,SHOWLOWAUD,WC,K,111,612,A,0,9,6,,0
4534,SHOWLOWAUD,WC,K,113,613,A,0,9,7,,0
4534,SHOWLOWAUD,WC,K,115,614,A,0,9,8,,0
4534,SHOWLOWAUD,WC,K,117,615,A,0,9,9,,0
4534,SHOWLOWAUD,WC,K,119,616,A,0,9,10,,0
4534,SHOWLOWAUD,WC,K,121,617,A,1,9,11,,0
4534,SHOWLOWAUD,WC,L,101,618,A,1,10,1,,0
4534,SHOWLOWAUD,WC,L,103,619,A,0,10,2,,0
4534,SHOWLOWAUD,WC,L,105,620,A,0,10,3,,0
4534,SHOWLOWAUD,WC,L,107,621,A,0,10,4,,0
4534,SHOWLOWAUD,WC,L,109,622,A,0,10,5,,0
4534,SHOWLOWAUD,WC,L,111,623,A,0,10,6,,0
4534,SHOWLOWAUD,WC,L,113,624,A,0,10,7,,0
4534,SHOWLOWAUD,WC,L,115,625,A,0,10,8,,0
4534,SHOWLOWAUD,WC,L,117,626,A,0,10,9,,0
4534,SHOWLOWAUD,WC,L,119,627,A,0,10,10,,0
4534,SHOWLOWAUD,WC,L,121,628,A,1,10,11,,0
4534,SHOWLOWAUD,WC,M,101,629,A,1,11,1,,0
4534,SHOWLOWAUD,WC,M,103,630,A,0,11,2,,0
4534,SHOWLOWAUD,WC,M,105,631,A,0,11,3,,0
4534,SHOWLOWAUD,WC,M,107,632,A,0,11,4,,0
4534,SHOWLOWAUD,WC,M,109,633,A,0,11,5,,0
4534,SHOWLOWAUD,WC,M,111,634,A,0,11,6,,0
4534,SHOWLOWAUD,WC,M,113,635,A,0,11,7,,0
4534,SHOWLOWAUD,WC,M,115,636,A,0,11,8,,0
4534,SHOWLOWAUD,WC,M,117,637,A,0,11,9,,0
4534,SHOWLOWAUD,WC,M,119,638,A,0,11,10,,0
4534,SHOWLOWAUD,WC,M,121,639,A,0,11,11,,0
4534,SHOWLOWAUD,WC,M,123,640,A,0,11,12,,0
4534,SHOWLOWAUD,WC,M,101,641,A,0,11,1,,0
4534,SHOWLOWAUD,WC,M,103,642,A,1,11,2,,0
4534,SHOWLOWAUD,WC,N,105,643,A,1,12,3,,0
4534,SHOWLOWAUD,WC,N,107,644,A,0,12,4,,0
4534,SHOWLOWAUD,WC,N,109,645,A,0,12,5,,0
4534,SHOWLOWAUD,WC,N,111,646,A,0,12,6,,0
4534,SHOWLOWAUD,WC,N,113,647,A,0,12,7,,0
4534,SHOWLOWAUD,WC,N,115,648,A,0,12,8,,0
4534,SHOWLOWAUD,WC,N,117,649,A,0,12,9,,0
4534,SHOWLOWAUD,WC,N,119,650,A,0,12,10,,0
4534,SHOWLOWAUD,WC,N,121,651,A,0,12,11,,0
4534,SHOWLOWAUD,WC,N,123,652,A,1,12,12,,0
4534,SHOWLOWAUD,WC,O,101,653,A,1,13,1,,0
4534,SHOWLOWAUD,WC,O,103,654,A,0,13,2,,0
4534,SHOWLOWAUD,WC,O,105,655,A,0,13,3,,0
4534,SHOWLOWAUD,WC,O,107,656,A,0,13,4,,0
4534,SHOWLOWAUD,WC,O,109,657,A,0,13,5,,0
4534,SHOWLOWAUD,WC,O,111,658,A,0,13,6,,0
4534,SHOWLOWAUD,WC,O,113,659,A,0,13,7,,0
4534,SHOWLOWAUD,WC,O,115,660,A,0,13,8,,0
4534,SHOWLOWAUD,WC,O,117,661,A,0,13,9,,0
4534,SHOWLOWAUD,WC,O,119,662,A,0,13,10,,0
4534,SHOWLOWAUD,WC,O,121,663,A,0,13,11,,0
4534,SHOWLOWAUD,WC,O,123,664,A,1,13,12,,0
4534,SHOWLOWAUD,WC,P,101,665,A,1,14,1,,0
4534,SHOWLOWAUD,WC,P,103,666,A,0,14,2,,0
4534,SHOWLOWAUD,WC,P,105,667,A,0,14,3,,0
4534,SHOWLOWAUD,WC,P,107,668,A,0,14,4,,0
4534,SHOWLOWAUD,WC,P,109,669,A,0,14,5,,0
4534,SHOWLOWAUD,WC,P,111,670,A,0,14,6,,0
4534,SHOWLOWAUD,WC,P,113,671,A,0,14,7,,0
4534,SHOWLOWAUD,WC,P,115,672,A,0,14,8,,0
4534,SHOWLOWAUD,WC,P,117,673,A,0,14,9,,0
4534,SHOWLOWAUD,WC,P,119,674,A,0,14,10,,0
4534,SHOWLOWAUD,WC,P,121,675,A,0,14,11,,0
4534,SHOWLOWAUD,WC,P,123,676,A,0,14,12,,0
4534,SHOWLOWAUD,WC,P,125,677,A,1,14,13,,0
4534,SHOWLOWAUD,WC,Q,101,678,A,1,15,1,,0
4534,SHOWLOWAUD,WC,Q,103,679,A,0,15,2,,0
4534,SHOWLOWAUD,WC,Q,105,680,A,0,15,3,,0
4534,SHOWLOWAUD,WC,Q,107,681,A,0,15,4,,0
4534,SHOWLOWAUD,WC,Q,109,682,A,0,15,5,,0
4534,SHOWLOWAUD,WC,Q,111,683,A,0,15,6,,0
4534,SHOWLOWAUD,WC,Q,113,684,A,0,15,7,,0
4534,SHOWLOWAUD,WC,Q,115,685,A,0,15,8,,0
4534,SHOWLOWAUD,WC,Q,117,686,A,0,15,9,,0
4534,SHOWLOWAUD,WC,Q,119,687,A,0,15,10,,0
4534,SHOWLOWAUD,WC,Q,121,688,A,0,15,11,,0
4534,SHOWLOWAUD,WC,Q,123,689,A,0,15,12,,0
4534,SHOWLOWAUD,WC,Q,125,690,A,1,15,13,,0
4534,SHOWLOWAUD,WC,R,101,691,A,1,16,1,,0
4534,SHOWLOWAUD,WC,R,103,692,A,0,16,2,,0
4534,SHOWLOWAUD,WC,R,105,693,A,0,16,3,,0
4534,SHOWLOWAUD,WC,R,107,694,A,0,16,4,,0
4534,SHOWLOWAUD,WC,R,109,695,A,0,16,5,,0
4534,SHOWLOWAUD,WC,R,111,696,A,0,16,6,,0
4534,SHOWLOWAUD,WC,R,113,697,A,0,16,7,,0
4534,SHOWLOWAUD,WC,R,115,698,A,0,16,8,,0
4534,SHOWLOWAUD,WC,R,117,699,A,0,16,9,,0
4534,SHOWLOWAUD,WC,R,119,700,A,0,16,10,,0
4534,SHOWLOWAUD,WC,R,121,701,A,0,16,11,,0
4534,SHOWLOWAUD,WC,R,123,702,A,0,16,12,,0
4534,SHOWLOWAUD,WC,R,125,703,A,1,16,13,,0
4534,SHOWLOWAUD,WC,S,101,704,A,1,17,1,,0
4534,SHOWLOWAUD,WC,S,103,705,A,0,17,2,,0
4534,SHOWLOWAUD,WC,S,105,706,A,0,17,3,,0
4534,SHOWLOWAUD,WC,S,107,707,A,0,17,4,,0
4534,SHOWLOWAUD,WC,S,109,708,A,0,17,5,,0
4534,SHOWLOWAUD,WC,S,111,709,A,0,17,6,,0
4534,SHOWLOWAUD,WC,S,113,710,A,0,17,7,,0
4534,SHOWLOWAUD,WC,S,115,711,A,0,17,8,,0
4534,SHOWLOWAUD,WC,S,117,712,A,0,17,9,,0
4534,SHOWLOWAUD,WC,S,119,713,A,0,17,10,,0
4534,SHOWLOWAUD,WC,S,121,714,A,0,17,11,,0
4534,SHOWLOWAUD,WC,S,123,715,A,0,17,12,,0
4534,SHOWLOWAUD,WC,S,125,716,A,1,17,13,,0
4534,SHOWLOWAUD,WC,T,101,717,A,1,18,1,,0
4534,SHOWLOWAUD,WC,T,103,718,A,0,18,2,,0
4534,SHOWLOWAUD,WC,T,105,719,A,0,18,3,,0
4534,SHOWLOWAUD,WC,T,107,720,A,0,18,4,,0
4534,SHOWLOWAUD,WC,T,109,721,A,0,18,5,,0
4534,SHOWLOWAUD,WC,T,111,722,A,0,18,6,,0
4534,SHOWLOWAUD,WC,T,113,723,A,0,18,7,,0
4534,SHOWLOWAUD,WC,T,115,724,A,0,18,8,,0
4534,SHOWLOWAUD,WC,T,117,725,A,0,18,9,,0
4534,SHOWLOWAUD,WC,T,119,726,A,0,18,10,,0
4534,SHOWLOWAUD,WC,T,121,727,A,0,18,11,,0
4534,SHOWLOWAUD,WC,T,123,728,A,0,18,12,,0
4534,SHOWLOWAUD,WC,T,125,729,A,0,18,13,,0
4534,SHOWLOWAUD,WC,T,127,730,A,1,18,14,,0
4534,SHOWLOWAUD,WC,U,101,731,A,1,19,1,,0
4534,SHOWLOWAUD,WC,U,103,732,A,0,19,2,,0
4534,SHOWLOWAUD,WC,U,105,733,A,0,19,3,,0
4534,SHOWLOWAUD,WC,U,107,734,A,0,19,4,,0
4534,SHOWLOWAUD,WC,U,109,735,A,0,19,5,,0
4534,SHOWLOWAUD,WC,U,111,736,A,0,19,6,,0
4534,SHOWLOWAUD,WC,U,113,737,A,0,19,7,,0
4534,SHOWLOWAUD,WC,U,115,738,A,0,19,8,,0
4534,SHOWLOWAUD,WC,U,117,739,A,0,19,9,,0
4534,SHOWLOWAUD,WC,U,119,740,A,0,19,10,,0
4534,SHOWLOWAUD,WC,U,121,741,A,0,19,11,,0
4534,SHOWLOWAUD,WC,U,123,742,A,0,19,12,,0
4534,SHOWLOWAUD,WC,U,125,743,A,0,19,13,,0
4534,SHOWLOWAUD,WC,U,127,744,A,1,19,14,,0
4534,SHOWLOWAUD,WC,V,101,745,A,1,20,1,,0
4534,SHOWLOWAUD,WC,V,103,746,A,0,20,2,,0
4534,SHOWLOWAUD,WC,V,105,747,A,0,20,3,,0
4534,SHOWLOWAUD,WC,V,107,748,A,0,20,4,,0
4534,SHOWLOWAUD,WC,V,109,749,A,0,20,5,,0
4534,SHOWLOWAUD,WC,V,111,750,A,0,20,6,,0
4534,SHOWLOWAUD,WC,V,113,751,A,0,20,7,,0
4534,SHOWLOWAUD,WC,V,115,752,A,0,20,8,,0
4534,SHOWLOWAUD,WC,V,117,753,A,0,20,9,,0
4534,SHOWLOWAUD,WC,V,119,754,A,0,20,10,,0
4534,SHOWLOWAUD,WC,V,121,755,A,0,20,11,,0
4534,SHOWLOWAUD,WC,V,123,756,A,0,20,12,,0
4534,SHOWLOWAUD,WC,V,125,757,A,0,20,13,,0
4534,SHOWLOWAUD,WC,V,127,758,A,1,20,14,,0
4534,SHOWLOWAUD,WC,W,101,759,A,1,21,1,,0
4534,SHOWLOWAUD,WC,W,103,760,A,0,21,2,,0
4534,SHOWLOWAUD,WC,W,105,761,A,0,21,3,,0
4534,SHOWLOWAUD,WC,W,107,762,A,0,21,4,,0
4534,SHOWLOWAUD,WC,W,109,763,A,0,21,5,,0
4534,SHOWLOWAUD,WC,W,111,764,A,0,21,6,,0
4534,SHOWLOWAUD,WC,W,113,765,A,0,21,7,,0
4534,SHOWLOWAUD,WC,W,115,766,A,0,21,8,,0
4534,SHOWLOWAUD,WC,W,117,767,A,0,21,9,,0
4534,SHOWLOWAUD,WC,W,119,768,A,0,21,10,,0
4534,SHOWLOWAUD,WC,W,121,769,A,0,21,11,,0
4534,SHOWLOWAUD,WC,W,123,770,A,0,21,12,,0
4534,SHOWLOWAUD,WC,W,125,771,A,0,21,13,,0
4534,SHOWLOWAUD,WC,W,127,772,A,1,21,14,,0
4534,SHOWLOWAUD,WC,X,101,773,A,1,22,1,,0
4534,SHOWLOWAUD,WC,X,103,774,A,0,22,2,,0
4534,SHOWLOWAUD,WC,X,105,775,A,0,22,3,,0
4534,SHOWLOWAUD,WC,X,107,776,A,0,22,4,,0
4534,SHOWLOWAUD,WC,X,109,777,A,0,22,5,,0
4534,SHOWLOWAUD,WC,X,111,778,A,0,22,6,,0
4534,SHOWLOWAUD,WC,X,113,779,A,0,22,7,,0
4534,SHOWLOWAUD,WC,X,115,780,A,0,22,8,,0
4534,SHOWLOWAUD,WC,X,117,781,A,0,22,9,,0
4534,SHOWLOWAUD,WC,X,119,782,A,0,22,10,,0
4534,SHOWLOWAUD,WC,X,121,783,A,0,22,11,,0
4534,SHOWLOWAUD,WC,X,123,784,A,1,22,12,,0
4534,SHOWLOWAUD,WC,Y,101,785,A,1,23,1,,0
4534,SHOWLOWAUD,WC,Y,103,786,A,0,23,2,,0
4534,SHOWLOWAUD,WC,Y,105,787,A,0,23,3,,0
4534,SHOWLOWAUD,WC,Y,107,788,A,0,23,4,,0
4534,SHOWLOWAUD,WC,Y,109,789,A,0,23,5,,0
4534,SHOWLOWAUD,WC,Y,111,790,A,0,23,6,,0
4534,SHOWLOWAUD,WC,Y,113,791,A,0,23,7,,0
4534,SHOWLOWAUD,WC,Y,115,792,A,0,23,8,,0
4534,SHOWLOWAUD,WC,Y,117,793,A,0,23,9,,0
4534,SHOWLOWAUD,WC,Y,119,794,A,0,23,10,,0
4534,SHOWLOWAUD,WC,Y,121,795,A,0,23,11,,0
4534,SHOWLOWAUD,WC,Y,123,796,A,1,23,12,,0
4534,SHOWLOWAUD,W,A,1,986,A,1,1,1,,0
4534,SHOWLOWAUD,W,A,3,987,A,0,1,2,,0
4534,SHOWLOWAUD,W,A,5,988,A,1,1,3,,0
4534,SHOWLOWAUD,W,B,1,989,A,1,2,1,,0
4534,SHOWLOWAUD,W,B,3,990,A,0,2,2,,0
4534,SHOWLOWAUD,W,B,5,991,A,0,2,3,,0
4534,SHOWLOWAUD,W,B,7,992,A,1,2,4,,0
4534,SHOWLOWAUD,W,C,1,993,A,1,3,1,,0
4534,SHOWLOWAUD,W,C,3,994,A,0,3,2,,0
4534,SHOWLOWAUD,W,C,5,995,A,0,3,3,,0
4534,SHOWLOWAUD,W,C,7,996,A,1,3,4,,0
4534,SHOWLOWAUD,W,D,1,997,A,1,4,1,,0
4534,SHOWLOWAUD,W,D,3,998,A,0,4,2,,0
4534,SHOWLOWAUD,W,D,5,999,A,0,4,3,,0
4534,SHOWLOWAUD,W,D,7,1000,A,0,4,4,,0
4534,SHOWLOWAUD,W,D,9,1001,A,1,4,5,,0
4534,SHOWLOWAUD,W,E,1,1002,A,1,5,1,,0
4534,SHOWLOWAUD,W,E,3,1003,A,0,5,2,,0
4534,SHOWLOWAUD,W,E,5,1004,A,0,5,3,,0
4534,SHOWLOWAUD,W,E,7,1005,A,0,5,4,,0
4534,SHOWLOWAUD,W,E,9,1006,A,1,5,5,,0
4534,SHOWLOWAUD,W,F,1,1007,A,1,6,1,,0
4534,SHOWLOWAUD,W,F,3,1008,A,0,6,2,,0
4534,SHOWLOWAUD,W,F,5,1009,A,0,6,3,,0
4534,SHOWLOWAUD,W,F,7,1010,A,0,6,4,,0
4534,SHOWLOWAUD,W,F,9,1011,A,0,6,5,,0
4534,SHOWLOWAUD,W,F,11,1012,A,1,6,6,,0
4534,SHOWLOWAUD,W,G,1,1013,A,1,7,1,,0
4534,SHOWLOWAUD,W,G,3,1014,A,0,7,2,,0
4534,SHOWLOWAUD,W,G,5,1015,A,0,7,3,,0
4534,SHOWLOWAUD,W,G,7,1016,A,0,7,4,,0
4534,SHOWLOWAUD,W,G,9,1017,A,0,7,5,,0
4534,SHOWLOWAUD,W,G,11,1018,A,1,7,6,,0
4534,SHOWLOWAUD,W,H,1,1019,A,1,8,1,,0
4534,SHOWLOWAUD,W,H,3,1020,A,0,8,2,,0
4534,SHOWLOWAUD,W,H,5,1021,A,0,8,3,,0
4534,SHOWLOWAUD,W,H,7,1022,A,0,8,4,,0
4534,SHOWLOWAUD,W,H,9,1023,A,0,8,5,,0
4534,SHOWLOWAUD,W,H,11,1024,A,0,8,6,,0
4534,SHOWLOWAUD,W,H,13,1025,A,1,8,7,,0
4534,SHOWLOWAUD,W,J,1,1026,A,1,9,1,,0
4534,SHOWLOWAUD,W,J,3,1027,A,0,9,2,,0
4534,SHOWLOWAUD,W,J,5,1028,A,0,9,3,,0
4534,SHOWLOWAUD,W,J,7,1029,A,0,9,4,,0
4534,SHOWLOWAUD,W,J,9,1030,A,0,9,5,,0
4534,SHOWLOWAUD,W,J,11,1031,A,0,9,6,,0
4534,SHOWLOWAUD,W,J,13,1032,A,1,9,7,,0
4534,SHOWLOWAUD,W,K,1,1033,A,1,10,1,,0
4534,SHOWLOWAUD,W,K,3,1034,A,0,10,2,,0
4534,SHOWLOWAUD,W,K,5,1035,A,0,10,3,,0
4534,SHOWLOWAUD,W,K,7,1036,A,0,10,4,,0
4534,SHOWLOWAUD,W,K,9,1037,A,0,10,5,,0
4534,SHOWLOWAUD,W,K,11,1038,A,0,10,6,,0
4534,SHOWLOWAUD,W,K,13,1039,A,0,10,7,,0
4534,SHOWLOWAUD,W,K,15,1040,A,1,10,8,,0
4534,SHOWLOWAUD,W,L,1,1041,A,1,11,1,,0
4534,SHOWLOWAUD,W,L,3,1042,A,0,11,2,,0
4534,SHOWLOWAUD,W,L,5,1043,A,0,11,3,,0
4534,SHOWLOWAUD,W,L,7,1044,A,0,11,4,,0
4534,SHOWLOWAUD,W,L,9,1045,A,0,11,5,,0
4534,SHOWLOWAUD,W,L,11,1046,A,0,11,6,,0
4534,SHOWLOWAUD,W,L,13,1047,A,0,11,7,,0
4534,SHOWLOWAUD,W,L,15,1048,A,0,11,8,,0
4534,SHOWLOWAUD,W,L,17,1049,A,1,11,9,,0
4534,SHOWLOWAUD,W,M,1,1050,A,1,12,1,,0
4534,SHOWLOWAUD,W,M,3,1051,A,0,12,2,,0
4534,SHOWLOWAUD,W,M,5,1052,A,0,12,3,,0
4534,SHOWLOWAUD,W,M,7,1053,A,0,12,4,,0
4534,SHOWLOWAUD,W,M,9,1054,A,0,12,5,,0
4534,SHOWLOWAUD,W,M,11,1055,A,0,12,6,,0
4534,SHOWLOWAUD,W,M,13,1056,A,0,12,7,,0
4534,SHOWLOWAUD,W,M,15,1057,A,0,12,8,,0
4534,SHOWLOWAUD,W,M,17,1058,A,1,12,9,,0
4534,SHOWLOWAUD,W,N,1,1059,A,1,13,1,,0
4534,SHOWLOWAUD,W,N,3,1060,A,0,13,2,,0
4534,SHOWLOWAUD,W,N,5,1061,A,0,13,3,,0
4534,SHOWLOWAUD,W,N,7,1062,A,0,13,4,,0
4534,SHOWLOWAUD,W,N,9,1063,A,0,13,5,,0
4534,SHOWLOWAUD,W,N,11,1064,A,0,13,6,,0
4534,SHOWLOWAUD,W,N,13,1065,A,0,13,7,,0
4534,SHOWLOWAUD,W,N,15,1066,A,0,13,8,,0
4534,SHOWLOWAUD,W,N,17,1067,A,0,13,9,,0
4534,SHOWLOWAUD,W,N,19,1068,A,1,13,10,,0
4534,SHOWLOWAUD,W,O,1,1069,A,1,14,1,,0
4534,SHOWLOWAUD,W,O,3,1070,A,0,14,2,,0
4534,SHOWLOWAUD,W,O,5,1071,A,0,14,3,,0
4534,SHOWLOWAUD,W,O,7,1072,A,0,14,4,,0
4534,SHOWLOWAUD,W,O,9,1073,A,0,14,5,,0
4534,SHOWLOWAUD,W,O,11,1074,A,0,14,6,,0
4534,SHOWLOWAUD,W,O,13,1075,A,0,14,7,,0
4534,SHOWLOWAUD,W,O,15,1076,A,0,14,8,,0
4534,SHOWLOWAUD,W,O,17,1077,A,0,14,9,,0
4534,SHOWLOWAUD,W,O,19,1078,A,0,14,10,,0
4534,SHOWLOWAUD,W,O,21,1079,A,1,14,11,,0
4534,SHOWLOWAUD,W,P,1,1080,A,1,15,1,,0
4534,SHOWLOWAUD,W,P,3,1081,A,0,15,2,,0
4534,SHOWLOWAUD,W,P,5,1082,A,0,15,3,,0
4534,SHOWLOWAUD,W,P,7,1083,A,0,15,4,,0
4534,SHOWLOWAUD,W,P,9,1084,A,0,15,5,,0
4534,SHOWLOWAUD,W,P,11,1085,A,0,15,6,,0
4534,SHOWLOWAUD,W,P,13,1086,A,0,15,7,,0
4534,SHOWLOWAUD,W,P,15,1087,A,0,15,8,,0
4534,SHOWLOWAUD,W,P,17,1088,A,0,15,9,,0
4534,SHOWLOWAUD,W,P,19,1089,A,0,15,10,,0
4534,SHOWLOWAUD,W,P,21,1090,A,0,15,11,,0
4534,SHOWLOWAUD,W,P,23,1091,A,1,15,12,,0
4534,SHOWLOWAUD,W,Q,1,1092,A,1,16,1,,0
4534,SHOWLOWAUD,W,Q,3,1093,A,0,16,2,,0
4534,SHOWLOWAUD,W,Q,5,1094,A,0,16,3,,0
4534,SHOWLOWAUD,W,Q,7,1095,A,0,16,4,,0
4534,SHOWLOWAUD,W,Q,9,1096,A,0,16,5,,0
4534,SHOWLOWAUD,W,Q,11,1097,A,0,16,6,,0
4534,SHOWLOWAUD,W,Q,13,1098,A,0,16,7,,0
4534,SHOWLOWAUD,W,Q,15,1099,A,0,16,8,,0
4534,SHOWLOWAUD,W,Q,17,1100,A,0,16,9,,0
4534,SHOWLOWAUD,W,Q,19,1101,A,0,16,10,,0
4534,SHOWLOWAUD,W,Q,21,1102,A,1,16,11,,0
4534,SHOWLOWAUD,W,R,1,1103,A,1,17,1,,0
4534,SHOWLOWAUD,W,R,3,1104,A,0,17,2,,0
4534,SHOWLOWAUD,W,R,5,1105,A,0,17,3,,0
4534,SHOWLOWAUD,W,R,7,1106,A,0,17,4,,0
4534,SHOWLOWAUD,W,R,9,1107,A,0,17,5,,0
4534,SHOWLOWAUD,W,R,11,1108,A,0,17,6,,0
4534,SHOWLOWAUD,W,R,13,1109,A,0,17,7,,0
4534,SHOWLOWAUD,W,R,15,1110,A,0,17,8,,0
4534,SHOWLOWAUD,W,R,17,1111,A,0,17,9,,0
4534,SHOWLOWAUD,W,R,19,1112,A,0,17,10,,0
4534,SHOWLOWAUD,W,R,21,1113,A,1,17,11,,0
4534,SHOWLOWAUD,W,S,1,1114,A,1,18,1,,0
4534,SHOWLOWAUD,W,S,3,1115,A,0,18,2,,0
4534,SHOWLOWAUD,W,S,5,1116,A,0,18,3,,0
4534,SHOWLOWAUD,W,S,7,1117,A,0,18,4,,0
4534,SHOWLOWAUD,W,S,9,1118,A,0,18,5,,0
4534,SHOWLOWAUD,W,S,11,1119,A,0,18,6,,0
4534,SHOWLOWAUD,W,S,13,1120,A,0,18,7,,0
4534,SHOWLOWAUD,W,S,15,1121,A,0,18,8,,0
4534,SHOWLOWAUD,W,S,17,1122,A,0,18,9,,0
4534,SHOWLOWAUD,W,S,19,1123,A,0,18,10,,0
4534,SHOWLOWAUD,W,S,21,1124,A,1,18,11,,0
4534,SHOWLOWAUD,W,T,1,1125,A,1,19,1,,0
4534,SHOWLOWAUD,W,T,3,1126,A,0,19,2,,0
4534,SHOWLOWAUD,W,T,5,1127,A,0,19,3,,0
4534,SHOWLOWAUD,W,T,7,1128,A,0,19,4,,0
4534,SHOWLOWAUD,W,T,9,1129,A,0,19,5,,0
4534,SHOWLOWAUD,W,T,11,1130,A,0,19,6,,0
4534,SHOWLOWAUD,W,T,13,1131,A,0,19,7,,0
4534,SHOWLOWAUD,W,T,15,1132,A,0,19,8,,0
4534,SHOWLOWAUD,W,T,17,1133,A,0,19,9,,0
4534,SHOWLOWAUD,W,T,19,1134,A,0,19,10,,0
4534,SHOWLOWAUD,W,T,21,1135,A,1,19,11,,0
4534,SHOWLOWAUD,W,U,1,1136,A,1,20,1,,0
4534,SHOWLOWAUD,W,U,3,1137,A,0,20,2,,0
4534,SHOWLOWAUD,W,U,5,1138,A,0,20,3,,0
4534,SHOWLOWAUD,W,U,7,1139,A,0,20,4,,0
4534,SHOWLOWAUD,W,U,9,1140,A,0,20,5,,0
4534,SHOWLOWAUD,W,U,11,1141,A,0,20,6,,0
4534,SHOWLOWAUD,W,U,13,1142,A,0,20,7,,0
4534,SHOWLOWAUD,W,U,15,1143,A,0,20,8,,0
4534,SHOWLOWAUD,W,U,17,1144,A,0,20,9,,0
4534,SHOWLOWAUD,W,U,19,1145,A,0,20,10,,0
4534,SHOWLOWAUD,W,U,21,1146,A,1,20,11,,0
4534,SHOWLOWAUD,W,V,1,1147,A,1,21,1,,0
4534,SHOWLOWAUD,W,V,3,1148,A,0,21,2,,0
4534,SHOWLOWAUD,W,V,5,1149,A,0,21,3,,0
4534,SHOWLOWAUD,W,V,7,1150,A,0,21,4,,0
4534,SHOWLOWAUD,W,V,9,1151,A,0,21,5,,0
4534,SHOWLOWAUD,W,V,11,1152,A,0,21,6,,0
4534,SHOWLOWAUD,W,V,13,1153,A,0,21,7,,0
4534,SHOWLOWAUD,W,V,15,1154,A,0,21,8,,0
4534,SHOWLOWAUD,W,V,17,1155,A,0,21,9,,0
4534,SHOWLOWAUD,W,V,19,1156,A,0,21,10,,0
4534,SHOWLOWAUD,W,V,21,1157,A,1,21,11,,0
4534,SHOWLOWAUD,W,W,1,1158,A,1,22,1,,0
4534,SHOWLOWAUD,W,W,3,1159,A,0,22,2,,0
4534,SHOWLOWAUD,W,W,5,1160,A,0,22,3,,0
4534,SHOWLOWAUD,W,W,7,1161,A,0,22,4,,0
4534,SHOWLOWAUD,W,W,9,1162,A,0,22,5,,0
4534,SHOWLOWAUD,W,W,11,1163,A,0,22,6,,0
4534,SHOWLOWAUD,W,W,13,1164,A,0,22,7,,0
4534,SHOWLOWAUD,W,W,15,1165,A,0,22,8,,0
4534,SHOWLOWAUD,W,W,17,1166,A,0,22,9,,0
4534,SHOWLOWAUD,W,W,19,1167,A,0,22,10,,0
4534,SHOWLOWAUD,W,W,20,1168,A,0,22,11,,0
4534,SHOWLOWAUD,W,W,21,1169,A,1,22,12,,0
4534,SHOWLOWAUD,W,X,1,1170,A,1,23,1,,0
4534,SHOWLOWAUD,W,X,3,1171,A,0,23,2,,0
4534,SHOWLOWAUD,W,X,5,1172,A,0,23,3,,0
4534,SHOWLOWAUD,W,X,7,1173,A,0,23,4,,0
4534,SHOWLOWAUD,W,X,9,1174,A,0,23,5,,0
4534,SHOWLOWAUD,W,X,11,1175,A,0,23,6,,0
4534,SHOWLOWAUD,W,X,13,1176,A,0,23,7,,0
4534,SHOWLOWAUD,W,X,15,1177,A,0,23,8,,0
4534,SHOWLOWAUD,W,X,17,1178,A,1,23,9,,0
4534,SHOWLOWAUD,W,Y,1,1179,A,1,24,1,,0
4534,SHOWLOWAUD,W,Y,3,1180,A,0,24,2,,0
4534,SHOWLOWAUD,W,Y,5,1181,A,0,24,3,,0
4534,SHOWLOWAUD,W,Y,7,1182,A,0,24,4,,0
4534,SHOWLOWAUD,W,Y,9,1183,A,0,24,5,,0
4534,SHOWLOWAUD,W,Y,11,1184,A,0,24,6,,0
4534,SHOWLOWAUD,W,Y,13,1185,A,0,24,7,,0
4534,SHOWLOWAUD,W,Y,15,1186,A,1,24,8,,0
