VenueCode,TemplateName,SectionCode,Row,Seat,Priority,StatusCode,Aisle,RowSort,SeatSort
1036,JORDANHALL3,BACL1,A,31,311,A,1,1,5
1036,JORDANHALL3,BACL1,A,33,309,A,0,1,6
1036,JORDANHALL3,BACL1,A,35,307,A,0,1,7
1036,JORDANHALL3,BACL1,A,37,305,A,0,1,8
1036,JORDANHALL3,BACL1,A,39,303,A,0,1,9
1036,JORDANHALL3,BACL1,A,41,301,A,0,1,10
1036,JORDANHALL3,BACL1,A,43,299,A,0,1,11
1036,JORDANHALL3,BACL1,A,45,297,A,1,1,12
1036,JORDANHALL3,BACL1,A,47,295,A,1,1,15
1036,JORDANHALL3,BACL1,A,49,293,A,0,1,16
1036,JORDANHALL3,BACL1,A,51,291,A,0,1,17
1036,JORDANHALL3,BACL1,A,53,289,A,0,1,18
1036,JORDANHALL3,BACL1,A,55,287,A,0,1,19
1036,JORDANHALL3,BACL1,A,57,285,A,0,1,20
1036,JORDANHALL3,BACL1,A,59,283,A,0,1,21
1036,JORDANHALL3,BACL1,A,61,281,A,1,1,22
1036,JORDANHALL3,BACL1,B,31,347,A,1,2,3
1036,JORDANHALL3,BACL1,B,33,345,A,0,2,4
1036,JORDANHALL3,BACL1,B,35,343,A,0,2,5
1036,JORDANHALL3,BACL1,B,37,341,A,0,2,6
1036,JORDANHALL3,BACL1,B,39,339,A,0,2,7
1036,JORDANHALL3,BACL1,B,41,337,A,0,2,8
1036,JORDANHALL3,BACL1,B,43,335,A,0,2,9
1036,JORDANHALL3,BACL1,B,45,333,A,0,2,10
1036,JORDANHALL3,BACL1,B,47,331,A,1,2,11
1036,JORDANHALL3,BACL1,B,49,329,A,1,2,14
1036,JORDANHALL3,BACL1,B,51,327,A,0,2,15
1036,JORDANHALL3,BACL1,B,53,325,A,0,2,16
1036,JORDANHALL3,BACL1,B,55,323,A,0,2,17
1036,JORDANHALL3,BACL1,B,57,321,A,0,2,18
1036,JORDANHALL3,BACL1,B,59,319,A,0,2,19
1036,JORDANHALL3,BACL1,B,61,317,A,0,2,20
1036,JORDANHALL3,BACL1,B,63,315,A,0,2,21
1036,JORDANHALL3,BACL1,B,65,313,A,1,2,22
1036,JORDANHALL3,BACL1,C,31,387,A,1,3,1
1036,JORDANHALL3,BACL1,C,33,385,A,0,3,2
1036,JORDANHALL3,BACL1,C,35,383,A,0,3,3
1036,JORDANHALL3,BACL1,C,37,381,A,0,3,4
1036,JORDANHALL3,BACL1,C,39,379,A,0,3,5
1036,JORDANHALL3,BACL1,C,41,377,A,0,3,6
1036,JORDANHALL3,BACL1,C,43,375,A,0,3,7
1036,JORDANHALL3,BACL1,C,45,373,A,0,3,8
1036,JORDANHALL3,BACL1,C,47,371,A,0,3,9
1036,JORDANHALL3,BACL1,C,49,369,A,1,3,10
1036,JORDANHALL3,BACL1,C,51,367,A,1,3,13
1036,JORDANHALL3,BACL1,C,53,365,A,0,3,14
1036,JORDANHALL3,BACL1,C,55,363,A,0,3,15
1036,JORDANHALL3,BACL1,C,57,361,A,0,3,16
1036,JORDANHALL3,BACL1,C,59,359,A,0,3,17
1036,JORDANHALL3,BACL1,C,61,357,A,0,3,18
1036,JORDANHALL3,BACL1,C,63,355,A,0,3,19
1036,JORDANHALL3,BACL1,C,65,353,A,0,3,20
1036,JORDANHALL3,BACL1,C,67,351,A,0,3,21
1036,JORDANHALL3,BACL1,C,69,349,A,1,3,22
1036,JORDANHALL3,BACL2,D,31,605,A,1,1,3
1036,JORDANHALL3,BACL2,D,33,603,A,0,1,4
1036,JORDANHALL3,BACL2,D,35,601,A,0,1,5
1036,JORDANHALL3,BACL2,D,37,599,A,0,1,6
1036,JORDANHALL3,BACL2,D,39,597,A,0,1,7
1036,JORDANHALL3,BACL2,D,41,595,A,0,1,8
1036,JORDANHALL3,BACL2,D,43,593,A,0,1,9
1036,JORDANHALL3,BACL2,D,45,591,A,0,1,10
1036,JORDANHALL3,BACL2,D,47,589,A,0,1,11
1036,JORDANHALL3,BACL2,D,49,587,A,0,1,12
1036,JORDANHALL3,BACL2,D,51,585,A,1,1,13
1036,JORDANHALL3,BACL2,D,53,583,A,1,1,16
1036,JORDANHALL3,BACL2,D,55,581,A,0,1,17
1036,JORDANHALL3,BACL2,D,57,579,A,0,1,18
1036,JORDANHALL3,BACL2,D,59,577,A,0,1,19
1036,JORDANHALL3,BACL2,D,61,575,A,0,1,20
1036,JORDANHALL3,BACL2,D,63,573,A,0,1,21
1036,JORDANHALL3,BACL2,D,65,571,A,0,1,22
1036,JORDANHALL3,BACL2,D,67,569,A,0,1,23
1036,JORDANHALL3,BACL2,D,69,567,A,0,1,24
1036,JORDANHALL3,BACL2,D,71,565,A,0,1,25
1036,JORDANHALL3,BACL2,D,73,563,A,1,1,26
1036,JORDANHALL3,BACL2,E,31,657,A,1,2,1
1036,JORDANHALL3,BACL2,E,33,655,A,0,2,2
1036,JORDANHALL3,BACL2,E,35,653,A,0,2,3
1036,JORDANHALL3,BACL2,E,37,651,A,0,2,4
1036,JORDANHALL3,BACL2,E,39,649,A,0,2,5
1036,JORDANHALL3,BACL2,E,41,647,A,0,2,6
1036,JORDANHALL3,BACL2,E,43,645,A,0,2,7
1036,JORDANHALL3,BACL2,E,45,643,A,0,2,8
1036,JORDANHALL3,BACL2,E,47,641,A,0,2,9
1036,JORDANHALL3,BACL2,E,49,639,A,0,2,10
1036,JORDANHALL3,BACL2,E,51,637,A,0,2,11
1036,JORDANHALL3,BACL2,E,53,635,A,0,2,12
1036,JORDANHALL3,BACL2,E,55,633,A,0,2,13
1036,JORDANHALL3,BACL2,E,57,631,A,0,2,14
1036,JORDANHALL3,BACL2,E,59,629,A,0,2,15
1036,JORDANHALL3,BACL2,E,61,627,A,0,2,16
1036,JORDANHALL3,BACL2,E,63,625,A,0,2,17
1036,JORDANHALL3,BACL2,E,65,623,A,0,2,18
1036,JORDANHALL3,BACL2,E,67,621,A,0,2,19
1036,JORDANHALL3,BACL2,E,69,619,A,0,2,20
1036,JORDANHALL3,BACL2,E,71,617,A,0,2,21
1036,JORDANHALL3,BACL2,E,73,615,A,0,2,22
1036,JORDANHALL3,BACL2,E,75,613,A,0,2,23
1036,JORDANHALL3,BACL2,E,77,611,A,0,2,24
1036,JORDANHALL3,BACL2,E,79,609,A,0,2,25
1036,JORDANHALL3,BACL2,E,81,607,A,1,2,26
1036,JORDANHALL3,BACL3,F,69,690,A,1,1,1
1036,JORDANHALL3,BACL3,F,67,692,A,0,1,2
1036,JORDANHALL3,BACL3,F,65,694,A,0,1,3
1036,JORDANHALL3,BACL3,F,63,696,A,0,1,4
1036,JORDANHALL3,BACL3,F,61,698,A,0,1,5
1036,JORDANHALL3,BACL3,F,59,700,A,0,1,6
1036,JORDANHALL3,BACL3,F,57,702,A,0,1,7
1036,JORDANHALL3,BACL3,F,55,704,A,0,1,8
1036,JORDANHALL3,BACL3,F,53,706,A,0,1,9
1036,JORDANHALL3,BACL3,F,51,708,A,1,1,10
1036,JORDANHALL3,BACL3,F,49,710,A,1,1,14
1036,JORDANHALL3,BACL3,F,47,712,A,0,1,15
1036,JORDANHALL3,BACL3,F,45,714,A,0,1,16
1036,JORDANHALL3,BACL3,F,43,716,A,0,1,17
1036,JORDANHALL3,BACL3,F,41,718,A,0,1,18
1036,JORDANHALL3,BACL3,F,39,720,A,0,1,19
1036,JORDANHALL3,BACL3,F,37,722,A,0,1,20
1036,JORDANHALL3,BACL3,F,35,724,A,0,1,21
1036,JORDANHALL3,BACL3,F,33,726,A,0,1,22
1036,JORDANHALL3,BACL3,F,31,728,A,1,1,23
1036,JORDANHALL3,BACL3,G,63,730,A,1,2,2
1036,JORDANHALL3,BACL3,G,61,732,A,0,2,3
1036,JORDANHALL3,BACL3,G,59,734,A,0,2,4
1036,JORDANHALL3,BACL3,G,57,736,A,0,2,5
1036,JORDANHALL3,BACL3,G,55,738,A,0,2,6
1036,JORDANHALL3,BACL3,G,53,740,A,0,2,7
1036,JORDANHALL3,BACL3,G,51,742,A,0,2,8
1036,JORDANHALL3,BACL3,G,49,744,A,0,2,9
1036,JORDANHALL3,BACL3,G,47,746,A,0,2,10
1036,JORDANHALL3,BACL3,G,45,748,A,1,2,11
1036,JORDANHALL3,BACL3,G,43,750,A,1,2,15
1036,JORDANHALL3,BACL3,G,41,752,A,0,2,16
1036,JORDANHALL3,BACL3,G,39,754,A,0,2,17
1036,JORDANHALL3,BACL3,G,37,756,A,0,2,18
1036,JORDANHALL3,BACL3,G,35,758,A,0,2,19
1036,JORDANHALL3,BACL3,G,33,760,A,0,2,20
1036,JORDANHALL3,BACL3,G,31,762,A,0,2,21
1036,JORDANHALL3,BACL3,G,29,764,A,0,2,22
1036,JORDANHALL3,BACL3,G,27,766,A,1,2,23
1036,JORDANHALL3,BACR1,A,62,282,A,1,1,1
1036,JORDANHALL3,BACR1,A,60,284,A,0,1,2
1036,JORDANHALL3,BACR1,A,58,286,A,0,1,3
1036,JORDANHALL3,BACR1,A,56,288,A,0,1,4
1036,JORDANHALL3,BACR1,A,54,290,A,0,1,5
1036,JORDANHALL3,BACR1,A,52,292,A,0,1,6
1036,JORDANHALL3,BACR1,A,50,294,A,0,1,7
1036,JORDANHALL3,BACR1,A,48,296,A,1,1,8
1036,JORDANHALL3,BACR1,A,46,298,A,1,1,11
1036,JORDANHALL3,BACR1,A,44,300,A,0,1,12
1036,JORDANHALL3,BACR1,A,42,302,A,0,1,13
1036,JORDANHALL3,BACR1,A,40,304,A,0,1,14
1036,JORDANHALL3,BACR1,A,38,306,A,0,1,15
1036,JORDANHALL3,BACR1,A,36,308,A,0,1,16
1036,JORDANHALL3,BACR1,A,34,310,A,0,1,17
1036,JORDANHALL3,BACR1,A,32,312,A,1,1,18
1036,JORDANHALL3,BACR1,B,66,314,A,1,2,1
1036,JORDANHALL3,BACR1,B,64,316,A,0,2,2
1036,JORDANHALL3,BACR1,B,62,318,A,0,2,3
1036,JORDANHALL3,BACR1,B,60,320,A,0,2,4
1036,JORDANHALL3,BACR1,B,58,322,A,0,2,5
1036,JORDANHALL3,BACR1,B,56,324,A,0,2,6
1036,JORDANHALL3,BACR1,B,54,326,A,0,2,7
1036,JORDANHALL3,BACR1,B,52,328,A,0,2,8
1036,JORDANHALL3,BACR1,B,50,330,A,1,2,9
1036,JORDANHALL3,BACR1,B,48,332,A,1,2,12
1036,JORDANHALL3,BACR1,B,46,334,A,0,2,13
1036,JORDANHALL3,BACR1,B,44,336,A,0,2,14
1036,JORDANHALL3,BACR1,B,42,338,A,0,2,15
1036,JORDANHALL3,BACR1,B,40,340,A,0,2,16
1036,JORDANHALL3,BACR1,B,38,342,A,0,2,17
1036,JORDANHALL3,BACR1,B,36,344,A,0,2,18
1036,JORDANHALL3,BACR1,B,34,346,A,0,2,19
1036,JORDANHALL3,BACR1,B,32,348,A,1,2,20
1036,JORDANHALL3,BACR1,C,70,350,A,1,3,1
1036,JORDANHALL3,BACR1,C,68,352,A,0,3,2
1036,JORDANHALL3,BACR1,C,66,354,A,0,3,3
1036,JORDANHALL3,BACR1,C,64,356,A,0,3,4
1036,JORDANHALL3,BACR1,C,62,358,A,0,3,5
1036,JORDANHALL3,BACR1,C,60,360,A,0,3,6
1036,JORDANHALL3,BACR1,C,58,362,A,0,3,7
1036,JORDANHALL3,BACR1,C,56,364,A,0,3,8
1036,JORDANHALL3,BACR1,C,54,366,A,0,3,9
1036,JORDANHALL3,BACR1,C,52,368,A,1,3,10
1036,JORDANHALL3,BACR1,C,50,370,A,1,3,13
1036,JORDANHALL3,BACR1,C,48,372,A,0,3,14
1036,JORDANHALL3,BACR1,C,46,374,A,0,3,15
1036,JORDANHALL3,BACR1,C,44,376,A,0,3,16
1036,JORDANHALL3,BACR1,C,42,378,A,0,3,17
1036,JORDANHALL3,BACR1,C,40,380,A,0,3,18
1036,JORDANHALL3,BACR1,C,38,382,A,0,3,19
1036,JORDANHALL3,BACR1,C,36,384,A,0,3,20
1036,JORDANHALL3,BACR1,C,34,386,A,0,3,21
1036,JORDANHALL3,BACR1,C,32,388,A,1,3,22
1036,JORDANHALL3,BACR2,D,74,564,A,1,1,1
1036,JORDANHALL3,BACR2,D,72,566,A,0,1,2
1036,JORDANHALL3,BACR2,D,70,568,A,0,1,3
1036,JORDANHALL3,BACR2,D,68,570,A,0,1,4
1036,JORDANHALL3,BACR2,D,66,572,A,0,1,5
1036,JORDANHALL3,BACR2,D,64,574,A,0,1,6
1036,JORDANHALL3,BACR2,D,62,576,A,0,1,7
1036,JORDANHALL3,BACR2,D,60,578,A,0,1,8
1036,JORDANHALL3,BACR2,D,58,580,A,0,1,9
1036,JORDANHALL3,BACR2,D,56,582,A,0,1,10
1036,JORDANHALL3,BACR2,D,54,584,A,1,1,11
1036,JORDANHALL3,BACR2,D,52,586,A,1,1,14
1036,JORDANHALL3,BACR2,D,50,588,A,0,1,15
1036,JORDANHALL3,BACR2,D,48,590,A,0,1,16
1036,JORDANHALL3,BACR2,D,46,592,A,0,1,17
1036,JORDANHALL3,BACR2,D,44,594,A,0,1,18
1036,JORDANHALL3,BACR2,D,42,596,A,0,1,19
1036,JORDANHALL3,BACR2,D,40,598,A,0,1,20
1036,JORDANHALL3,BACR2,D,38,600,A,0,1,21
1036,JORDANHALL3,BACR2,D,36,602,A,0,1,22
1036,JORDANHALL3,BACR2,D,34,604,A,0,1,23
1036,JORDANHALL3,BACR2,D,32,606,A,1,1,24
1036,JORDANHALL3,BACR2,E,84,608,A,1,2,1
1036,JORDANHALL3,BACR2,E,82,610,A,0,2,2
1036,JORDANHALL3,BACR2,E,80,612,A,0,2,3
1036,JORDANHALL3,BACR2,E,78,614,A,0,2,4
1036,JORDANHALL3,BACR2,E,76,616,A,0,2,5
1036,JORDANHALL3,BACR2,E,74,618,A,0,2,6
1036,JORDANHALL3,BACR2,E,72,620,A,0,2,7
1036,JORDANHALL3,BACR2,E,70,622,A,0,2,8
1036,JORDANHALL3,BACR2,E,68,624,A,0,2,9
1036,JORDANHALL3,BACR2,E,66,626,A,0,2,10
1036,JORDANHALL3,BACR2,E,64,628,A,0,2,11
1036,JORDANHALL3,BACR2,E,62,630,A,0,2,12
1036,JORDANHALL3,BACR2,E,60,632,A,0,2,13
1036,JORDANHALL3,BACR2,E,58,634,A,0,2,14
1036,JORDANHALL3,BACR2,E,56,636,A,0,2,15
1036,JORDANHALL3,BACR2,E,54,638,A,0,2,16
1036,JORDANHALL3,BACR2,E,52,640,A,0,2,17
1036,JORDANHALL3,BACR2,E,50,642,A,0,2,18
1036,JORDANHALL3,BACR2,E,48,644,A,0,2,19
1036,JORDANHALL3,BACR2,E,46,646,A,0,2,20
1036,JORDANHALL3,BACR2,E,44,648,A,0,2,21
1036,JORDANHALL3,BACR2,E,42,650,A,0,2,22
1036,JORDANHALL3,BACR2,E,40,652,A,0,2,23
1036,JORDANHALL3,BACR2,E,38,654,A,0,2,24
1036,JORDANHALL3,BACR2,E,36,656,A,0,2,25
1036,JORDANHALL3,BACR2,E,34,658,A,0,2,26
1036,JORDANHALL3,BACR2,E,32,659,A,1,2,27
1036,JORDANHALL3,BACR3,F,70,691,A,1,1,1
1036,JORDANHALL3,BACR3,F,68,693,A,0,1,2
1036,JORDANHALL3,BACR3,F,66,695,A,0,1,3
1036,JORDANHALL3,BACR3,F,64,697,A,0,1,4
1036,JORDANHALL3,BACR3,F,62,699,A,0,1,5
1036,JORDANHALL3,BACR3,F,60,701,A,0,1,6
1036,JORDANHALL3,BACR3,F,58,703,A,0,1,7
1036,JORDANHALL3,BACR3,F,56,705,A,0,1,8
1036,JORDANHALL3,BACR3,F,54,707,A,0,1,9
1036,JORDANHALL3,BACR3,F,52,709,A,1,1,10
1036,JORDANHALL3,BACR3,F,50,711,A,1,1,13
1036,JORDANHALL3,BACR3,F,48,713,A,0,1,14
1036,JORDANHALL3,BACR3,F,46,715,A,0,1,15
1036,JORDANHALL3,BACR3,F,44,717,A,0,1,16
1036,JORDANHALL3,BACR3,F,42,719,A,0,1,17
1036,JORDANHALL3,BACR3,F,40,721,A,0,1,18
1036,JORDANHALL3,BACR3,F,38,723,A,0,1,19
1036,JORDANHALL3,BACR3,F,36,725,A,0,1,20
1036,JORDANHALL3,BACR3,F,34,727,A,0,1,21
1036,JORDANHALL3,BACR3,F,32,729,A,1,1,22
1036,JORDANHALL3,BACR3,G,66,731,A,1,2,2
1036,JORDANHALL3,BACR3,G,64,733,A,0,2,3
1036,JORDANHALL3,BACR3,G,62,735,A,0,2,4
1036,JORDANHALL3,BACR3,G,60,737,A,0,2,5
1036,JORDANHALL3,BACR3,G,58,739,A,0,2,6
1036,JORDANHALL3,BACR3,G,56,741,A,0,2,7
1036,JORDANHALL3,BACR3,G,54,743,A,0,2,8
1036,JORDANHALL3,BACR3,G,52,745,A,0,2,9
1036,JORDANHALL3,BACR3,G,50,747,A,0,2,10
1036,JORDANHALL3,BACR3,G,48,749,A,1,2,11
1036,JORDANHALL3,BACR3,G,46,751,A,1,2,14
1036,JORDANHALL3,BACR3,G,44,753,A,0,2,15
1036,JORDANHALL3,BACR3,G,42,755,A,0,2,16
1036,JORDANHALL3,BACR3,G,40,757,A,0,2,17
1036,JORDANHALL3,BACR3,G,38,759,A,0,2,18
1036,JORDANHALL3,BACR3,G,36,761,A,0,2,19
1036,JORDANHALL3,BACR3,G,34,763,A,0,2,20
1036,JORDANHALL3,BACR3,G,32,765,A,0,2,21
1036,JORDANHALL3,BACR3,G,30,767,A,0,2,22
1036,JORDANHALL3,BACR3,G,28,768,A,1,2,23
1036,JORDANHALL3,BALL2,A,1,688,A,1,1,1
1036,JORDANHALL3,BALL2,A,3,686,A,0,1,2
1036,JORDANHALL3,BALL2,A,5,684,A,0,1,3
1036,JORDANHALL3,BALL2,A,7,682,A,0,1,4
1036,JORDANHALL3,BALL2,A,9,680,A,0,1,5
1036,JORDANHALL3,BALL2,A,11,678,A,0,1,6
1036,JORDANHALL3,BALL2,A,13,676,A,0,1,7
1036,JORDANHALL3,BALL2,A,15,674,A,0,1,8
1036,JORDANHALL3,BALL2,A,17,672,A,0,1,9
1036,JORDANHALL3,BALL2,A,19,670,A,0,1,10
1036,JORDANHALL3,BALL2,A,21,668,A,0,1,11
1036,JORDANHALL3,BALL2,A,23,666,A,0,1,12
1036,JORDANHALL3,BALL2,A,25,664,A,0,1,13
1036,JORDANHALL3,BALL2,A,27,662,A,0,1,14
1036,JORDANHALL3,BALL2,A,29,660,A,1,1,15
1036,JORDANHALL3,BALL3,B,1,797,A,1,1,1
1036,JORDANHALL3,BALL3,B,3,795,A,0,1,2
1036,JORDANHALL3,BALL3,B,5,793,A,0,1,3
1036,JORDANHALL3,BALL3,B,7,791,A,0,1,4
1036,JORDANHALL3,BALL3,B,9,789,A,0,1,5
1036,JORDANHALL3,BALL3,B,11,787,A,0,1,6
1036,JORDANHALL3,BALL3,B,13,785,A,0,1,7
1036,JORDANHALL3,BALL3,B,15,783,A,0,1,8
1036,JORDANHALL3,BALL3,B,17,781,A,0,1,9
1036,JORDANHALL3,BALL3,B,19,779,A,0,1,10
1036,JORDANHALL3,BALL3,B,21,777,A,0,1,11
1036,JORDANHALL3,BALL3,B,23,775,A,0,1,12
1036,JORDANHALL3,BALL3,B,25,773,A,0,1,13
1036,JORDANHALL3,BALL3,B,27,771,A,0,1,14
1036,JORDANHALL3,BALL3,B,29,769,A,1,1,15
1036,JORDANHALL3,BALL3,C,1,827,A,1,2,1
1036,JORDANHALL3,BALL3,C,3,825,A,0,2,2
1036,JORDANHALL3,BALL3,C,5,823,A,0,2,3
1036,JORDANHALL3,BALL3,C,7,821,A,0,2,4
1036,JORDANHALL3,BALL3,C,9,819,A,0,2,5
1036,JORDANHALL3,BALL3,C,11,817,A,0,2,6
1036,JORDANHALL3,BALL3,C,13,815,A,0,2,7
1036,JORDANHALL3,BALL3,C,15,813,A,0,2,8
1036,JORDANHALL3,BALL3,C,17,811,A,0,2,9
1036,JORDANHALL3,BALL3,C,19,809,A,0,2,10
1036,JORDANHALL3,BALL3,C,21,807,A,0,2,11
1036,JORDANHALL3,BALL3,C,23,805,A,0,2,12
1036,JORDANHALL3,BALL3,C,25,803,A,0,2,13
1036,JORDANHALL3,BALL3,C,27,801,A,0,2,14
1036,JORDANHALL3,BALL3,C,29,799,A,1,2,15
1036,JORDANHALL3,BALL3,D,1,857,A,1,3,1
1036,JORDANHALL3,BALL3,D,3,855,A,0,3,2
1036,JORDANHALL3,BALL3,D,5,853,A,0,3,3
1036,JORDANHALL3,BALL3,D,7,851,A,0,3,4
1036,JORDANHALL3,BALL3,D,9,849,A,0,3,5
1036,JORDANHALL3,BALL3,D,11,847,A,0,3,6
1036,JORDANHALL3,BALL3,D,13,845,A,0,3,7
1036,JORDANHALL3,BALL3,D,15,843,A,0,3,8
1036,JORDANHALL3,BALL3,D,17,841,A,0,3,9
1036,JORDANHALL3,BALL3,D,19,839,A,0,3,10
1036,JORDANHALL3,BALL3,D,21,837,A,0,3,11
1036,JORDANHALL3,BALL3,D,23,835,A,0,3,12
1036,JORDANHALL3,BALL3,D,25,833,A,0,3,13
1036,JORDANHALL3,BALL3,D,27,831,A,0,3,14
1036,JORDANHALL3,BALL3,D,29,829,A,1,3,15
1036,JORDANHALL3,BALL3,E,1,887,A,1,4,1
1036,JORDANHALL3,BALL3,E,3,885,A,0,4,2
1036,JORDANHALL3,BALL3,E,5,883,A,0,4,3
1036,JORDANHALL3,BALL3,E,7,881,A,0,4,4
1036,JORDANHALL3,BALL3,E,9,879,A,0,4,5
1036,JORDANHALL3,BALL3,E,11,877,A,0,4,6
1036,JORDANHALL3,BALL3,E,13,875,A,0,4,7
1036,JORDANHALL3,BALL3,E,15,873,A,0,4,8
1036,JORDANHALL3,BALL3,E,17,871,A,0,4,9
1036,JORDANHALL3,BALL3,E,19,869,A,0,4,10
1036,JORDANHALL3,BALL3,E,21,867,A,0,4,11
1036,JORDANHALL3,BALL3,E,23,865,A,0,4,12
1036,JORDANHALL3,BALL3,E,25,863,A,0,4,13
1036,JORDANHALL3,BALL3,E,27,861,A,0,4,14
1036,JORDANHALL3,BALL3,E,29,859,A,1,4,15
1036,JORDANHALL3,BALL3,F,1,917,A,1,5,1
1036,JORDANHALL3,BALL3,F,3,915,A,0,5,2
1036,JORDANHALL3,BALL3,F,5,913,A,0,5,3
1036,JORDANHALL3,BALL3,F,7,911,A,0,5,4
1036,JORDANHALL3,BALL3,F,9,909,A,0,5,5
1036,JORDANHALL3,BALL3,F,11,907,A,0,5,6
1036,JORDANHALL3,BALL3,F,13,905,A,0,5,7
1036,JORDANHALL3,BALL3,F,15,903,A,0,5,8
1036,JORDANHALL3,BALL3,F,17,901,A,0,5,9
1036,JORDANHALL3,BALL3,F,19,899,A,0,5,10
1036,JORDANHALL3,BALL3,F,21,897,A,0,5,11
1036,JORDANHALL3,BALL3,F,23,895,A,0,5,12
1036,JORDANHALL3,BALL3,F,25,893,A,0,5,13
1036,JORDANHALL3,BALL3,F,27,891,A,0,5,14
1036,JORDANHALL3,BALL3,F,29,889,A,1,5,15
1036,JORDANHALL3,BALL4,G,1,943,A,1,1,1
1036,JORDANHALL3,BALL4,G,3,941,A,0,1,2
1036,JORDANHALL3,BALL4,G,5,939,A,0,1,3
1036,JORDANHALL3,BALL4,G,7,937,A,0,1,4
1036,JORDANHALL3,BALL4,G,9,935,A,0,1,5
1036,JORDANHALL3,BALL4,G,11,933,A,0,1,6
1036,JORDANHALL3,BALL4,G,13,931,A,0,1,7
1036,JORDANHALL3,BALL4,G,15,929,A,1,1,8
1036,JORDANHALL3,BALL4,G,17,927,A,1,1,11
1036,JORDANHALL3,BALL4,G,19,925,A,0,1,12
1036,JORDANHALL3,BALL4,G,21,923,A,0,1,13
1036,JORDANHALL3,BALL4,G,23,921,A,0,1,14
1036,JORDANHALL3,BALL4,G,25,919,A,1,1,15
1036,JORDANHALL3,BALR2,A,30,661,A,1,1,1
1036,JORDANHALL3,BALR2,A,28,663,A,0,1,2
1036,JORDANHALL3,BALR2,A,26,665,A,0,1,3
1036,JORDANHALL3,BALR2,A,24,667,A,0,1,4
1036,JORDANHALL3,BALR2,A,22,669,A,0,1,5
1036,JORDANHALL3,BALR2,A,20,671,A,0,1,6
1036,JORDANHALL3,BALR2,A,18,673,A,0,1,7
1036,JORDANHALL3,BALR2,A,16,675,A,0,1,8
1036,JORDANHALL3,BALR2,A,14,677,A,0,1,9
1036,JORDANHALL3,BALR2,A,12,679,A,0,1,10
1036,JORDANHALL3,BALR2,A,10,681,A,0,1,11
1036,JORDANHALL3,BALR2,A,8,683,A,0,1,12
1036,JORDANHALL3,BALR2,A,6,685,A,0,1,13
1036,JORDANHALL3,BALR2,A,4,687,A,0,1,14
1036,JORDANHALL3,BALR2,A,2,689,A,1,1,15
1036,JORDANHALL3,BALR3,B,30,770,A,1,1,1
1036,JORDANHALL3,BALR3,B,28,772,A,0,1,2
1036,JORDANHALL3,BALR3,B,26,774,A,0,1,3
1036,JORDANHALL3,BALR3,B,24,776,A,0,1,4
1036,JORDANHALL3,BALR3,B,22,778,A,0,1,5
1036,JORDANHALL3,BALR3,B,20,780,A,0,1,6
1036,JORDANHALL3,BALR3,B,18,782,A,0,1,7
1036,JORDANHALL3,BALR3,B,16,784,A,0,1,8
1036,JORDANHALL3,BALR3,B,14,786,A,0,1,9
1036,JORDANHALL3,BALR3,B,12,788,A,0,1,10
1036,JORDANHALL3,BALR3,B,10,790,A,0,1,11
1036,JORDANHALL3,BALR3,B,8,792,A,0,1,12
1036,JORDANHALL3,BALR3,B,6,794,A,0,1,13
1036,JORDANHALL3,BALR3,B,4,796,A,0,1,14
1036,JORDANHALL3,BALR3,B,2,798,A,1,1,15
1036,JORDANHALL3,BALR3,C,30,800,A,1,2,1
1036,JORDANHALL3,BALR3,C,28,802,A,0,2,2
1036,JORDANHALL3,BALR3,C,26,804,A,0,2,3
1036,JORDANHALL3,BALR3,C,24,806,A,0,2,4
1036,JORDANHALL3,BALR3,C,22,808,A,0,2,5
1036,JORDANHALL3,BALR3,C,20,810,A,0,2,6
1036,JORDANHALL3,BALR3,C,18,812,A,0,2,7
1036,JORDANHALL3,BALR3,C,16,814,A,0,2,8
1036,JORDANHALL3,BALR3,C,14,816,A,0,2,9
1036,JORDANHALL3,BALR3,C,12,818,A,0,2,10
1036,JORDANHALL3,BALR3,C,10,820,A,0,2,11
1036,JORDANHALL3,BALR3,C,8,822,A,0,2,12
1036,JORDANHALL3,BALR3,C,6,824,A,0,2,13
1036,JORDANHALL3,BALR3,C,4,826,A,0,2,14
1036,JORDANHALL3,BALR3,C,2,828,A,1,2,15
1036,JORDANHALL3,BALR3,D,30,830,A,1,3,1
1036,JORDANHALL3,BALR3,D,28,832,A,0,3,2
1036,JORDANHALL3,BALR3,D,26,834,A,0,3,3
1036,JORDANHALL3,BALR3,D,24,836,A,0,3,4
1036,JORDANHALL3,BALR3,D,22,838,A,0,3,5
1036,JORDANHALL3,BALR3,D,20,840,A,0,3,6
1036,JORDANHALL3,BALR3,D,18,842,A,0,3,7
1036,JORDANHALL3,BALR3,D,16,844,A,0,3,8
1036,JORDANHALL3,BALR3,D,14,846,A,0,3,9
1036,JORDANHALL3,BALR3,D,12,848,A,0,3,10
1036,JORDANHALL3,BALR3,D,10,850,A,0,3,11
1036,JORDANHALL3,BALR3,D,8,852,A,0,3,12
1036,JORDANHALL3,BALR3,D,6,854,A,0,3,13
1036,JORDANHALL3,BALR3,D,4,856,A,0,3,14
1036,JORDANHALL3,BALR3,D,2,858,A,1,3,15
1036,JORDANHALL3,BALR3,E,30,860,A,1,4,1
1036,JORDANHALL3,BALR3,E,28,862,A,0,4,2
1036,JORDANHALL3,BALR3,E,26,864,A,0,4,3
1036,JORDANHALL3,BALR3,E,24,866,A,0,4,4
1036,JORDANHALL3,BALR3,E,22,868,A,0,4,5
1036,JORDANHALL3,BALR3,E,20,870,A,0,4,6
1036,JORDANHALL3,BALR3,E,18,872,A,0,4,7
1036,JORDANHALL3,BALR3,E,16,874,A,0,4,8
1036,JORDANHALL3,BALR3,E,14,876,A,0,4,9
1036,JORDANHALL3,BALR3,E,12,878,A,0,4,10
1036,JORDANHALL3,BALR3,E,10,880,A,0,4,11
1036,JORDANHALL3,BALR3,E,8,882,A,0,4,12
1036,JORDANHALL3,BALR3,E,6,884,A,0,4,13
1036,JORDANHALL3,BALR3,E,4,886,A,0,4,14
1036,JORDANHALL3,BALR3,E,2,888,A,1,4,15
1036,JORDANHALL3,BALR3,F,30,890,A,1,5,1
1036,JORDANHALL3,BALR3,F,28,892,A,0,5,2
1036,JORDANHALL3,BALR3,F,26,894,A,0,5,3
1036,JORDANHALL3,BALR3,F,24,896,A,0,5,4
1036,JORDANHALL3,BALR3,F,22,898,A,0,5,5
1036,JORDANHALL3,BALR3,F,20,900,A,0,5,6
1036,JORDANHALL3,BALR3,F,18,902,A,0,5,7
1036,JORDANHALL3,BALR3,F,16,904,A,0,5,8
1036,JORDANHALL3,BALR3,F,14,906,A,0,5,9
1036,JORDANHALL3,BALR3,F,12,908,A,0,5,10
1036,JORDANHALL3,BALR3,F,10,910,A,0,5,11
1036,JORDANHALL3,BALR3,F,8,912,A,0,5,12
1036,JORDANHALL3,BALR3,F,6,914,A,0,5,13
1036,JORDANHALL3,BALR3,F,4,916,A,0,5,14
1036,JORDANHALL3,BALR3,F,2,918,A,1,5,15
1036,JORDANHALL3,BALR4,G,26,920,A,1,1,1
1036,JORDANHALL3,BALR4,G,24,922,A,0,1,2
1036,JORDANHALL3,BALR4,G,22,924,A,0,1,3
1036,JORDANHALL3,BALR4,G,20,926,A,0,1,4
1036,JORDANHALL3,BALR4,G,18,928,A,1,1,5
1036,JORDANHALL3,BALR4,G,16,930,A,1,1,8
1036,JORDANHALL3,BALR4,G,14,932,A,0,1,9
1036,JORDANHALL3,BALR4,G,12,934,A,0,1,10
1036,JORDANHALL3,BALR4,G,10,936,A,0,1,11
1036,JORDANHALL3,BALR4,G,8,938,A,0,1,12
1036,JORDANHALL3,BALR4,G,6,940,A,0,1,13
1036,JORDANHALL3,BALR4,G,4,942,A,0,1,14
1036,JORDANHALL3,BALR4,G,2,944,A,1,1,15
1036,JORDANHALL3,CIRCL,N,39,237,A,1,1,1
1036,JORDANHALL3,CIRCL,N,41,235,A,0,1,2
1036,JORDANHALL3,CIRCL,N,43,233,A,0,1,3
1036,JORDANHALL3,CIRCL,N,45,231,A,0,1,4
1036,JORDANHALL3,CIRCL,N,47,229,A,0,1,5
1036,JORDANHALL3,CIRCL,N,49,227,A,1,1,6
1036,JORDANHALL3,CIRCL,O,43,225,A,1,2,1
1036,JORDANHALL3,CIRCL,O,45,223,A,0,2,2
1036,JORDANHALL3,CIRCL,O,47,221,A,0,2,3
1036,JORDANHALL3,CIRCL,O,49,219,A,0,2,4
1036,JORDANHALL3,CIRCL,O,51,217,A,0,2,5
1036,JORDANHALL3,CIRCL,O,53,215,A,0,2,6
1036,JORDANHALL3,CIRCL,O,55,213,A,1,2,7
1036,JORDANHALL3,CIRCL,P,45,211,A,1,3,1
1036,JORDANHALL3,CIRCL,P,47,209,A,0,3,2
1036,JORDANHALL3,CIRCL,P,49,207,A,0,3,3
1036,JORDANHALL3,CIRCL,P,51,205,A,0,3,4
1036,JORDANHALL3,CIRCL,P,53,203,A,0,3,5
1036,JORDANHALL3,CIRCL,P,55,201,A,0,3,6
1036,JORDANHALL3,CIRCL,P,57,199,A,0,3,7
1036,JORDANHALL3,CIRCL,P,59,197,A,1,3,8
1036,JORDANHALL3,CIRCR,N,50,198,A,1,1,1
1036,JORDANHALL3,CIRCR,N,48,200,A,0,1,2
1036,JORDANHALL3,CIRCR,N,46,202,A,0,1,3
1036,JORDANHALL3,CIRCR,N,44,204,A,0,1,4
1036,JORDANHALL3,CIRCR,N,42,206,A,0,1,5
1036,JORDANHALL3,CIRCR,N,40,208,A,1,1,6
1036,JORDANHALL3,CIRCR,O,56,210,A,1,2,1
1036,JORDANHALL3,CIRCR,O,54,212,A,0,2,2
1036,JORDANHALL3,CIRCR,O,52,214,A,0,2,3
1036,JORDANHALL3,CIRCR,O,50,216,A,0,2,4
1036,JORDANHALL3,CIRCR,O,48,218,A,0,2,5
1036,JORDANHALL3,CIRCR,O,46,220,A,0,2,6
1036,JORDANHALL3,CIRCR,O,44,222,A,1,2,7
1036,JORDANHALL3,CIRCR,P,60,224,A,1,3,1
1036,JORDANHALL3,CIRCR,P,58,226,A,0,3,2
1036,JORDANHALL3,CIRCR,P,56,228,A,0,3,3
1036,JORDANHALL3,CIRCR,P,54,230,A,0,3,4
1036,JORDANHALL3,CIRCR,P,52,232,A,0,3,5
1036,JORDANHALL3,CIRCR,P,50,234,A,0,3,6
1036,JORDANHALL3,CIRCR,P,48,236,A,0,3,7
1036,JORDANHALL3,CIRCR,P,46,238,A,1,3,8
1036,JORDANHALL3,CIRL1,N,27,249,A,1,1,1
1036,JORDANHALL3,CIRL1,N,29,247,A,0,1,2
1036,JORDANHALL3,CIRL1,N,31,245,A,0,1,3
1036,JORDANHALL3,CIRL1,N,33,243,A,0,1,4
1036,JORDANHALL3,CIRL1,N,35,241,A,0,1,5
1036,JORDANHALL3,CIRL1,N,37,239,A,1,1,6
1036,JORDANHALL3,CIRL1,O,29,263,A,1,2,1
1036,JORDANHALL3,CIRL1,O,31,261,A,0,2,2
1036,JORDANHALL3,CIRL1,O,33,259,A,0,2,3
1036,JORDANHALL3,CIRL1,O,35,257,A,0,2,4
1036,JORDANHALL3,CIRL1,O,37,255,A,0,2,5
1036,JORDANHALL3,CIRL1,O,39,253,A,0,2,6
1036,JORDANHALL3,CIRL1,O,41,251,A,1,2,7
1036,JORDANHALL3,CIRL1,P,29,279,A,1,3,1
1036,JORDANHALL3,CIRL1,P,31,277,A,0,3,2
1036,JORDANHALL3,CIRL1,P,33,275,A,0,3,3
1036,JORDANHALL3,CIRL1,P,35,273,A,0,3,4
1036,JORDANHALL3,CIRL1,P,37,271,A,0,3,5
1036,JORDANHALL3,CIRL1,P,39,269,A,0,3,6
1036,JORDANHALL3,CIRL1,P,41,267,A,0,3,7
1036,JORDANHALL3,CIRL1,P,43,265,A,1,3,8
1036,JORDANHALL3,CIRL2,N,1,449,A,1,1,1
1036,JORDANHALL3,CIRL2,N,3,447,A,0,1,2
1036,JORDANHALL3,CIRL2,N,5,445,A,0,1,3
1036,JORDANHALL3,CIRL2,N,7,443,A,0,1,4
1036,JORDANHALL3,CIRL2,N,9,441,A,0,1,5
1036,JORDANHALL3,CIRL2,N,11,439,A,0,1,6
1036,JORDANHALL3,CIRL2,N,13,437,A,0,1,7
1036,JORDANHALL3,CIRL2,N,15,435,A,0,1,8
1036,JORDANHALL3,CIRL2,N,17,433,A,0,1,9
1036,JORDANHALL3,CIRL2,N,19,431,A,0,1,10
1036,JORDANHALL3,CIRL2,N,21,429,A,0,1,11
1036,JORDANHALL3,CIRL2,N,23,427,A,0,1,12
1036,JORDANHALL3,CIRL2,N,25,425,A,1,1,13
1036,JORDANHALL3,CIRL2,O,1,477,A,1,2,1
1036,JORDANHALL3,CIRL2,O,3,475,A,0,2,2
1036,JORDANHALL3,CIRL2,O,5,473,A,0,2,3
1036,JORDANHALL3,CIRL2,O,7,471,A,0,2,4
1036,JORDANHALL3,CIRL2,O,9,469,A,0,2,5
1036,JORDANHALL3,CIRL2,O,11,467,A,0,2,6
1036,JORDANHALL3,CIRL2,O,13,465,A,0,2,7
1036,JORDANHALL3,CIRL2,O,15,463,A,0,2,8
1036,JORDANHALL3,CIRL2,O,17,461,A,0,2,9
1036,JORDANHALL3,CIRL2,O,19,459,A,0,2,10
1036,JORDANHALL3,CIRL2,O,21,457,A,0,2,11
1036,JORDANHALL3,CIRL2,O,23,455,A,0,2,12
1036,JORDANHALL3,CIRL2,O,25,453,A,0,2,13
1036,JORDANHALL3,CIRL2,O,27,451,A,1,2,14
1036,JORDANHALL3,CIRL2,P,1,505,A,1,3,1
1036,JORDANHALL3,CIRL2,P,3,503,A,0,3,2
1036,JORDANHALL3,CIRL2,P,5,501,A,0,3,3
1036,JORDANHALL3,CIRL2,P,7,499,A,0,3,4
1036,JORDANHALL3,CIRL2,P,9,497,A,0,3,5
1036,JORDANHALL3,CIRL2,P,11,495,A,0,3,6
1036,JORDANHALL3,CIRL2,P,13,493,A,0,3,7
1036,JORDANHALL3,CIRL2,P,15,491,A,0,3,8
1036,JORDANHALL3,CIRL2,P,17,489,A,0,3,9
1036,JORDANHALL3,CIRL2,P,19,487,A,0,3,10
1036,JORDANHALL3,CIRL2,P,21,485,A,0,3,11
1036,JORDANHALL3,CIRL2,P,23,483,A,0,3,12
1036,JORDANHALL3,CIRL2,P,25,481,A,0,3,13
1036,JORDANHALL3,CIRL2,P,27,479,A,1,3,14
1036,JORDANHALL3,CIRL2,Q,1,533,A,1,4,1
1036,JORDANHALL3,CIRL2,Q,3,531,A,0,4,2
1036,JORDANHALL3,CIRL2,Q,5,529,A,0,4,3
1036,JORDANHALL3,CIRL2,Q,7,527,A,0,4,4
1036,JORDANHALL3,CIRL2,Q,9,525,A,0,4,5
1036,JORDANHALL3,CIRL2,Q,11,523,A,0,4,6
1036,JORDANHALL3,CIRL2,Q,13,521,A,0,4,7
1036,JORDANHALL3,CIRL2,Q,15,519,A,0,4,8
1036,JORDANHALL3,CIRL2,Q,17,517,A,0,4,9
1036,JORDANHALL3,CIRL2,Q,19,515,A,0,4,10
1036,JORDANHALL3,CIRL2,Q,21,513,A,0,4,11
1036,JORDANHALL3,CIRL2,Q,23,511,A,0,4,12
1036,JORDANHALL3,CIRL2,Q,25,509,A,0,4,13
1036,JORDANHALL3,CIRL2,Q,27,507,A,1,4,14
1036,JORDANHALL3,CIRL2,Q,29,405,A,1,4,17
1036,JORDANHALL3,CIRL2,Q,31,403,A,0,4,18
1036,JORDANHALL3,CIRL2,Q,33,401,A,0,4,19
1036,JORDANHALL3,CIRL2,Q,35,399,A,0,4,20
1036,JORDANHALL3,CIRL2,Q,37,397,A,0,4,21
1036,JORDANHALL3,CIRL2,Q,39,395,A,0,4,22
1036,JORDANHALL3,CIRL2,Q,41,393,A,0,4,23
1036,JORDANHALL3,CIRL2,Q,43,391,A,0,4,24
1036,JORDANHALL3,CIRL2,Q,45,389,A,1,4,25
1036,JORDANHALL3,CIRL2,R,1,561,A,1,5,1
1036,JORDANHALL3,CIRL2,R,3,559,A,0,5,2
1036,JORDANHALL3,CIRL2,R,5,557,A,0,5,3
1036,JORDANHALL3,CIRL2,R,7,555,A,0,5,4
1036,JORDANHALL3,CIRL2,R,9,553,A,0,5,5
1036,JORDANHALL3,CIRL2,R,11,551,A,0,5,6
1036,JORDANHALL3,CIRL2,R,13,549,A,0,5,7
1036,JORDANHALL3,CIRL2,R,15,547,A,0,5,8
1036,JORDANHALL3,CIRL2,R,17,545,A,0,5,9
1036,JORDANHALL3,CIRL2,R,19,543,A,0,5,10
1036,JORDANHALL3,CIRL2,R,21,541,A,0,5,11
1036,JORDANHALL3,CIRL2,R,23,539,A,0,5,12
1036,JORDANHALL3,CIRL2,R,25,537,A,0,5,13
1036,JORDANHALL3,CIRL2,R,27,535,A,1,5,14
1036,JORDANHALL3,CIRL2,R,29,423,A,1,5,17
1036,JORDANHALL3,CIRL2,R,31,421,A,0,5,18
1036,JORDANHALL3,CIRL2,R,33,419,A,0,5,19
1036,JORDANHALL3,CIRL2,R,35,417,A,0,5,20
1036,JORDANHALL3,CIRL2,R,37,415,A,0,5,21
1036,JORDANHALL3,CIRL2,R,39,413,A,0,5,22
1036,JORDANHALL3,CIRL2,R,41,411,A,0,5,23
1036,JORDANHALL3,CIRL2,R,43,409,A,0,5,24
1036,JORDANHALL3,CIRL2,R,45,407,A,1,5,25
1036,JORDANHALL3,CIRR1,N,38,240,A,1,1,1
1036,JORDANHALL3,CIRR1,N,36,242,A,0,1,2
1036,JORDANHALL3,CIRR1,N,34,244,A,0,1,3
1036,JORDANHALL3,CIRR1,N,32,246,A,0,1,4
1036,JORDANHALL3,CIRR1,N,30,248,A,0,1,5
1036,JORDANHALL3,CIRR1,N,28,250,A,1,1,6
1036,JORDANHALL3,CIRR1,O,42,252,A,1,2,1
1036,JORDANHALL3,CIRR1,O,40,254,A,0,2,2
1036,JORDANHALL3,CIRR1,O,38,256,A,0,2,3
1036,JORDANHALL3,CIRR1,O,36,258,A,0,2,4
1036,JORDANHALL3,CIRR1,O,34,260,A,0,2,5
1036,JORDANHALL3,CIRR1,O,32,262,A,0,2,6
1036,JORDANHALL3,CIRR1,O,30,264,A,1,2,7
1036,JORDANHALL3,CIRR1,P,44,266,A,1,3,1
1036,JORDANHALL3,CIRR1,P,42,268,A,0,3,2
1036,JORDANHALL3,CIRR1,P,40,270,A,0,3,3
1036,JORDANHALL3,CIRR1,P,38,272,A,0,3,4
1036,JORDANHALL3,CIRR1,P,36,274,A,0,3,5
1036,JORDANHALL3,CIRR1,P,34,276,A,0,3,6
1036,JORDANHALL3,CIRR1,P,32,278,A,0,3,7
1036,JORDANHALL3,CIRR1,P,30,280,A,1,3,8
1036,JORDANHALL3,CIRR2,N,26,426,A,1,1,1
1036,JORDANHALL3,CIRR2,N,24,428,A,0,1,2
1036,JORDANHALL3,CIRR2,N,22,430,A,0,1,3
1036,JORDANHALL3,CIRR2,N,20,432,A,0,1,4
1036,JORDANHALL3,CIRR2,N,18,434,A,0,1,5
1036,JORDANHALL3,CIRR2,N,16,436,A,0,1,6
1036,JORDANHALL3,CIRR2,N,14,438,A,0,1,7
1036,JORDANHALL3,CIRR2,N,12,440,A,0,1,8
1036,JORDANHALL3,CIRR2,N,10,442,A,0,1,9
1036,JORDANHALL3,CIRR2,N,8,444,A,0,1,10
1036,JORDANHALL3,CIRR2,N,6,446,A,0,1,11
1036,JORDANHALL3,CIRR2,N,4,448,A,0,1,12
1036,JORDANHALL3,CIRR2,N,2,450,A,1,1,13
1036,JORDANHALL3,CIRR2,O,28,452,A,1,2,1
1036,JORDANHALL3,CIRR2,O,26,454,A,0,2,2
1036,JORDANHALL3,CIRR2,O,24,456,A,0,2,3
1036,JORDANHALL3,CIRR2,O,22,458,A,0,2,4
1036,JORDANHALL3,CIRR2,O,20,460,A,0,2,5
1036,JORDANHALL3,CIRR2,O,18,462,A,0,2,6
1036,JORDANHALL3,CIRR2,O,16,464,A,0,2,7
1036,JORDANHALL3,CIRR2,O,14,466,A,0,2,8
1036,JORDANHALL3,CIRR2,O,12,468,A,0,2,9
1036,JORDANHALL3,CIRR2,O,10,470,A,0,2,10
1036,JORDANHALL3,CIRR2,O,8,472,A,0,2,11
1036,JORDANHALL3,CIRR2,O,6,474,A,0,2,12
1036,JORDANHALL3,CIRR2,O,4,476,A,0,2,13
1036,JORDANHALL3,CIRR2,O,2,478,A,1,2,14
1036,JORDANHALL3,CIRR2,P,28,480,A,1,3,1
1036,JORDANHALL3,CIRR2,P,26,482,A,0,3,2
1036,JORDANHALL3,CIRR2,P,24,484,A,0,3,3
1036,JORDANHALL3,CIRR2,P,22,486,A,0,3,4
1036,JORDANHALL3,CIRR2,P,20,488,A,0,3,5
1036,JORDANHALL3,CIRR2,P,18,490,A,0,3,6
1036,JORDANHALL3,CIRR2,P,16,492,A,0,3,7
1036,JORDANHALL3,CIRR2,P,14,494,A,0,3,8
1036,JORDANHALL3,CIRR2,P,12,496,A,0,3,9
1036,JORDANHALL3,CIRR2,P,10,498,A,0,3,10
1036,JORDANHALL3,CIRR2,P,8,500,A,0,3,11
1036,JORDANHALL3,CIRR2,P,6,502,A,0,3,12
1036,JORDANHALL3,CIRR2,P,4,504,A,0,3,13
1036,JORDANHALL3,CIRR2,P,2,506,A,1,3,14
1036,JORDANHALL3,CIRR2,Q,46,390,A,1,4,1
1036,JORDANHALL3,CIRR2,Q,44,392,A,0,4,2
1036,JORDANHALL3,CIRR2,Q,42,394,A,0,4,3
1036,JORDANHALL3,CIRR2,Q,40,396,A,0,4,4
1036,JORDANHALL3,CIRR2,Q,38,398,A,0,4,5
1036,JORDANHALL3,CIRR2,Q,36,400,A,0,4,6
1036,JORDANHALL3,CIRR2,Q,34,402,A,0,4,7
1036,JORDANHALL3,CIRR2,Q,32,404,A,0,4,8
1036,JORDANHALL3,CIRR2,Q,30,406,A,1,4,9
1036,JORDANHALL3,CIRR2,Q,28,508,A,1,4,12
1036,JORDANHALL3,CIRR2,Q,26,510,A,0,4,13
1036,JORDANHALL3,CIRR2,Q,24,512,A,0,4,14
1036,JORDANHALL3,CIRR2,Q,22,514,A,0,4,15
1036,JORDANHALL3,CIRR2,Q,20,516,A,0,4,16
1036,JORDANHALL3,CIRR2,Q,18,518,A,0,4,17
1036,JORDANHALL3,CIRR2,Q,16,520,A,0,4,18
1036,JORDANHALL3,CIRR2,Q,14,522,A,0,4,19
1036,JORDANHALL3,CIRR2,Q,12,524,A,0,4,20
1036,JORDANHALL3,CIRR2,Q,10,526,A,0,4,21
1036,JORDANHALL3,CIRR2,Q,8,528,A,0,4,22
1036,JORDANHALL3,CIRR2,Q,6,530,A,0,4,23
1036,JORDANHALL3,CIRR2,Q,4,532,A,0,4,24
1036,JORDANHALL3,CIRR2,Q,2,534,A,1,4,25
1036,JORDANHALL3,CIRR2,R,46,408,A,1,5,1
1036,JORDANHALL3,CIRR2,R,44,410,A,0,5,2
1036,JORDANHALL3,CIRR2,R,42,412,A,0,5,3
1036,JORDANHALL3,CIRR2,R,40,414,A,0,5,4
1036,JORDANHALL3,CIRR2,R,38,416,A,0,5,5
1036,JORDANHALL3,CIRR2,R,36,418,A,0,5,6
1036,JORDANHALL3,CIRR2,R,34,420,A,0,5,7
1036,JORDANHALL3,CIRR2,R,32,422,A,0,5,8
1036,JORDANHALL3,CIRR2,R,30,424,A,1,5,9
1036,JORDANHALL3,CIRR2,R,28,536,A,1,5,12
1036,JORDANHALL3,CIRR2,R,26,538,A,0,5,13
1036,JORDANHALL3,CIRR2,R,24,540,A,0,5,14
1036,JORDANHALL3,CIRR2,R,22,542,A,0,5,15
1036,JORDANHALL3,CIRR2,R,20,544,A,0,5,16
1036,JORDANHALL3,CIRR2,R,18,546,A,0,5,17
1036,JORDANHALL3,CIRR2,R,16,548,A,0,5,18
1036,JORDANHALL3,CIRR2,R,14,550,A,0,5,19
1036,JORDANHALL3,CIRR2,R,12,552,A,0,5,20
1036,JORDANHALL3,CIRR2,R,10,554,A,0,5,21
1036,JORDANHALL3,CIRR2,R,8,556,A,0,5,22
1036,JORDANHALL3,CIRR2,R,6,558,A,0,5,23
1036,JORDANHALL3,CIRR2,R,4,560,A,0,5,24
1036,JORDANHALL3,CIRR2,R,2,562,A,1,5,25
1036,JORDANHALL3,ORCC,C,109,9,A,1,1,1
1036,JORDANHALL3,ORCC,C,108,7,A,0,1,2
1036,JORDANHALL3,ORCC,C,107,5,A,0,1,3
1036,JORDANHALL3,ORCC,C,106,3,A,0,1,4
1036,JORDANHALL3,ORCC,C,105,1,A,0,1,5
1036,JORDANHALL3,ORCC,C,104,2,A,0,1,6
1036,JORDANHALL3,ORCC,C,103,4,A,0,1,7
1036,JORDANHALL3,ORCC,C,102,6,A,0,1,8
1036,JORDANHALL3,ORCC,C,101,8,A,1,1,9
1036,JORDANHALL3,ORCC,D,110,30,A,1,2,1
1036,JORDANHALL3,ORCC,D,109,28,A,0,2,2
1036,JORDANHALL3,ORCC,D,108,26,A,0,2,3
1036,JORDANHALL3,ORCC,D,107,24,A,0,2,4
1036,JORDANHALL3,ORCC,D,106,22,A,0,2,5
1036,JORDANHALL3,ORCC,D,105,23,A,0,2,6
1036,JORDANHALL3,ORCC,D,104,25,A,0,2,7
1036,JORDANHALL3,ORCC,D,103,27,A,0,2,8
1036,JORDANHALL3,ORCC,D,102,29,A,0,2,9
1036,JORDANHALL3,ORCC,D,101,31,A,1,2,10
1036,JORDANHALL3,ORCC,E,110,52,A,1,3,1
1036,JORDANHALL3,ORCC,E,109,50,A,0,3,2
1036,JORDANHALL3,ORCC,E,108,48,A,0,3,3
1036,JORDANHALL3,ORCC,E,107,46,A,0,3,4
1036,JORDANHALL3,ORCC,E,106,44,A,0,3,5
1036,JORDANHALL3,ORCC,E,105,45,A,0,3,6
1036,JORDANHALL3,ORCC,E,104,47,A,0,3,7
1036,JORDANHALL3,ORCC,E,103,49,A,0,3,8
1036,JORDANHALL3,ORCC,E,102,51,A,0,3,9
1036,JORDANHALL3,ORCC,E,101,53,A,1,3,10
1036,JORDANHALL3,ORCC,F,110,74,A,1,4,1
1036,JORDANHALL3,ORCC,F,109,72,A,0,4,2
1036,JORDANHALL3,ORCC,F,108,70,A,0,4,3
1036,JORDANHALL3,ORCC,F,107,68,A,0,4,4
1036,JORDANHALL3,ORCC,F,106,66,A,0,4,5
1036,JORDANHALL3,ORCC,F,105,67,A,0,4,6
1036,JORDANHALL3,ORCC,F,104,69,A,0,4,7
1036,JORDANHALL3,ORCC,F,103,71,A,0,4,8
1036,JORDANHALL3,ORCC,F,102,73,A,0,4,9
1036,JORDANHALL3,ORCC,F,101,75,A,1,4,10
1036,JORDANHALL3,ORCC,G,111,98,A,1,5,1
1036,JORDANHALL3,ORCC,G,110,96,A,0,5,2
1036,JORDANHALL3,ORCC,G,109,94,A,0,5,3
1036,JORDANHALL3,ORCC,G,108,92,A,0,5,4
1036,JORDANHALL3,ORCC,G,107,90,A,0,5,5
1036,JORDANHALL3,ORCC,G,106,88,A,0,5,6
1036,JORDANHALL3,ORCC,G,105,89,A,0,5,7
1036,JORDANHALL3,ORCC,G,104,91,A,0,5,8
1036,JORDANHALL3,ORCC,G,103,93,A,0,5,9
1036,JORDANHALL3,ORCC,G,102,95,A,0,5,10
1036,JORDANHALL3,ORCC,G,101,97,A,1,5,11
1036,JORDANHALL3,ORCC,H,111,119,A,1,6,1
1036,JORDANHALL3,ORCC,H,110,117,A,0,6,2
1036,JORDANHALL3,ORCC,H,109,115,A,0,6,3
1036,JORDANHALL3,ORCC,H,108,113,A,0,6,4
1036,JORDANHALL3,ORCC,H,107,111,A,0,6,5
1036,JORDANHALL3,ORCC,H,106,109,A,0,6,6
1036,JORDANHALL3,ORCC,H,105,110,A,0,6,7
1036,JORDANHALL3,ORCC,H,104,112,A,0,6,8
1036,JORDANHALL3,ORCC,H,103,114,A,0,6,9
1036,JORDANHALL3,ORCC,H,102,116,A,0,6,10
1036,JORDANHALL3,ORCC,H,101,118,A,1,6,11
1036,JORDANHALL3,ORCC,I,112,140,A,1,7,1
1036,JORDANHALL3,ORCC,I,111,138,A,0,7,2
1036,JORDANHALL3,ORCC,I,110,136,A,0,7,3
1036,JORDANHALL3,ORCC,I,109,134,A,0,7,4
1036,JORDANHALL3,ORCC,I,108,132,A,0,7,5
1036,JORDANHALL3,ORCC,I,107,130,A,0,7,6
1036,JORDANHALL3,ORCC,I,106,131,A,0,7,7
1036,JORDANHALL3,ORCC,I,105,133,A,0,7,8
1036,JORDANHALL3,ORCC,I,104,135,A,0,7,9
1036,JORDANHALL3,ORCC,I,103,137,A,0,7,10
1036,JORDANHALL3,ORCC,I,102,139,A,0,7,11
1036,JORDANHALL3,ORCC,I,101,141,A,1,7,12
1036,JORDANHALL3,ORCC,J,112,160,A,1,8,1
1036,JORDANHALL3,ORCC,J,111,158,A,0,8,2
1036,JORDANHALL3,ORCC,J,110,156,A,0,8,3
1036,JORDANHALL3,ORCC,J,109,154,A,0,8,4
1036,JORDANHALL3,ORCC,J,108,152,A,0,8,5
1036,JORDANHALL3,ORCC,J,107,150,A,0,8,6
1036,JORDANHALL3,ORCC,J,106,151,A,0,8,7
1036,JORDANHALL3,ORCC,J,105,153,A,0,8,8
1036,JORDANHALL3,ORCC,J,104,155,A,0,8,9
1036,JORDANHALL3,ORCC,J,103,157,A,0,8,10
1036,JORDANHALL3,ORCC,J,102,159,A,0,8,11
1036,JORDANHALL3,ORCC,J,101,161,A,1,8,12
1036,JORDANHALL3,ORCC,K,112,176,A,1,9,1
1036,JORDANHALL3,ORCC,K,111,174,A,0,9,2
1036,JORDANHALL3,ORCC,K,110,172,A,0,9,3
1036,JORDANHALL3,ORCC,K,109,170,A,0,9,4
1036,JORDANHALL3,ORCC,K,108,168,A,0,9,5
1036,JORDANHALL3,ORCC,K,107,166,A,0,9,6
1036,JORDANHALL3,ORCC,K,106,167,A,0,9,7
1036,JORDANHALL3,ORCC,K,105,169,A,0,9,8
1036,JORDANHALL3,ORCC,K,104,171,A,0,9,9
1036,JORDANHALL3,ORCC,K,103,173,A,0,9,10
1036,JORDANHALL3,ORCC,K,102,175,A,0,9,11
1036,JORDANHALL3,ORCC,K,101,177,A,1,9,12
1036,JORDANHALL3,ORCC,L,113,192,A,1,10,1
1036,JORDANHALL3,ORCC,L,112,190,A,0,10,2
1036,JORDANHALL3,ORCC,L,111,188,A,0,10,3
1036,JORDANHALL3,ORCC,L,110,186,A,0,10,4
1036,JORDANHALL3,ORCC,L,109,184,A,0,10,5
1036,JORDANHALL3,ORCC,L,108,182,A,0,10,6
1036,JORDANHALL3,ORCC,L,107,180,A,0,10,7
1036,JORDANHALL3,ORCC,L,106,181,A,0,10,8
1036,JORDANHALL3,ORCC,L,105,183,A,0,10,9
1036,JORDANHALL3,ORCC,L,104,185,A,0,10,10
1036,JORDANHALL3,ORCC,L,103,187,A,0,10,11
1036,JORDANHALL3,ORCC,L,102,189,A,0,10,12
1036,JORDANHALL3,ORCC,L,101,191,A,1,10,13
1036,JORDANHALL3,ORCC,M,104,195,A,1,11,1
1036,JORDANHALL3,ORCC,M,103,193,A,1,11,2
1036,JORDANHALL3,ORCC,M,102,194,A,1,11,5
1036,JORDANHALL3,ORCC,M,101,196,A,1,11,6
1036,JORDANHALL3,ORCL,C,11,20,A,1,1,2
1036,JORDANHALL3,ORCL,C,9,18,A,0,1,3
1036,JORDANHALL3,ORCL,C,7,16,A,0,1,4
1036,JORDANHALL3,ORCL,C,5,14,A,0,1,5
1036,JORDANHALL3,ORCL,C,3,12,A,0,1,6
1036,JORDANHALL3,ORCL,C,1,10,A,1,1,7
1036,JORDANHALL3,ORCL,D,11,42,A,1,2,2
1036,JORDANHALL3,ORCL,D,9,40,A,0,2,3
1036,JORDANHALL3,ORCL,D,7,38,A,0,2,4
1036,JORDANHALL3,ORCL,D,5,36,A,0,2,5
1036,JORDANHALL3,ORCL,D,3,34,A,0,2,6
1036,JORDANHALL3,ORCL,D,1,32,A,1,2,7
1036,JORDANHALL3,ORCL,E,11,64,A,1,3,2
1036,JORDANHALL3,ORCL,E,9,62,A,0,3,3
1036,JORDANHALL3,ORCL,E,7,60,A,0,3,4
1036,JORDANHALL3,ORCL,E,5,58,A,0,3,5
1036,JORDANHALL3,ORCL,E,3,56,A,0,3,6
1036,JORDANHALL3,ORCL,E,1,54,A,1,3,7
1036,JORDANHALL3,ORCL,F,11,86,A,1,4,2
1036,JORDANHALL3,ORCL,F,9,84,A,0,4,3
1036,JORDANHALL3,ORCL,F,7,82,A,0,4,4
1036,JORDANHALL3,ORCL,F,5,80,A,0,4,5
1036,JORDANHALL3,ORCL,F,3,78,A,0,4,6
1036,JORDANHALL3,ORCL,F,1,76,A,1,4,7
1036,JORDANHALL3,ORCL,G,9,107,A,1,5,3
1036,JORDANHALL3,ORCL,G,7,105,A,0,5,4
1036,JORDANHALL3,ORCL,G,5,103,A,0,5,5
1036,JORDANHALL3,ORCL,G,3,101,A,0,5,6
1036,JORDANHALL3,ORCL,G,1,99,A,1,5,7
1036,JORDANHALL3,ORCL,H,9,128,A,1,6,3
1036,JORDANHALL3,ORCL,H,7,126,A,0,6,4
1036,JORDANHALL3,ORCL,H,5,124,A,0,6,5
1036,JORDANHALL3,ORCL,H,3,122,A,0,6,6
1036,JORDANHALL3,ORCL,H,1,120,A,1,6,7
1036,JORDANHALL3,ORCL,I,7,148,A,1,7,4
1036,JORDANHALL3,ORCL,I,5,146,A,0,7,5
1036,JORDANHALL3,ORCL,I,3,144,A,0,7,6
1036,JORDANHALL3,ORCL,I,1,142,A,1,7,7
1036,JORDANHALL3,ORCL,J,3,164,A,1,8,6
1036,JORDANHALL3,ORCL,J,1,162,A,1,8,7
1036,JORDANHALL3,ORCL,K,1,178,A,1,9,7
1036,JORDANHALL3,ORCR,C,2,21,A,1,1,1
1036,JORDANHALL3,ORCR,C,4,19,A,0,1,2
1036,JORDANHALL3,ORCR,C,6,17,A,0,1,3
1036,JORDANHALL3,ORCR,C,8,15,A,0,1,4
1036,JORDANHALL3,ORCR,C,10,13,A,0,1,5
1036,JORDANHALL3,ORCR,C,12,11,A,1,1,6
1036,JORDANHALL3,ORCR,D,2,43,A,1,2,1
1036,JORDANHALL3,ORCR,D,4,41,A,0,2,2
1036,JORDANHALL3,ORCR,D,6,39,A,0,2,3
1036,JORDANHALL3,ORCR,D,8,37,A,0,2,4
1036,JORDANHALL3,ORCR,D,10,35,A,0,2,5
1036,JORDANHALL3,ORCR,D,12,33,A,1,2,6
1036,JORDANHALL3,ORCR,E,2,65,A,1,3,1
1036,JORDANHALL3,ORCR,E,4,63,A,0,3,2
1036,JORDANHALL3,ORCR,E,6,61,A,0,3,3
1036,JORDANHALL3,ORCR,E,8,59,A,0,3,4
1036,JORDANHALL3,ORCR,E,10,57,A,0,3,5
1036,JORDANHALL3,ORCR,E,12,55,A,1,3,6
1036,JORDANHALL3,ORCR,F,2,87,A,1,4,1
1036,JORDANHALL3,ORCR,F,4,85,A,0,4,2
1036,JORDANHALL3,ORCR,F,6,83,A,0,4,3
1036,JORDANHALL3,ORCR,F,8,81,A,0,4,4
1036,JORDANHALL3,ORCR,F,10,79,A,0,4,5
1036,JORDANHALL3,ORCR,F,12,77,A,1,4,6
1036,JORDANHALL3,ORCR,G,2,108,A,1,5,1
1036,JORDANHALL3,ORCR,G,4,106,A,0,5,2
1036,JORDANHALL3,ORCR,G,6,104,A,0,5,3
1036,JORDANHALL3,ORCR,G,8,102,A,0,5,4
1036,JORDANHALL3,ORCR,G,10,100,A,1,5,5
1036,JORDANHALL3,ORCR,H,2,129,A,1,6,1
1036,JORDANHALL3,ORCR,H,4,127,A,0,6,2
1036,JORDANHALL3,ORCR,H,6,125,A,0,6,3
1036,JORDANHALL3,ORCR,H,8,123,A,0,6,4
1036,JORDANHALL3,ORCR,H,10,121,A,1,6,5
1036,JORDANHALL3,ORCR,I,2,149,A,1,7,1
1036,JORDANHALL3,ORCR,I,4,147,A,0,7,2
1036,JORDANHALL3,ORCR,I,6,145,A,0,7,3
1036,JORDANHALL3,ORCR,I,8,143,A,1,7,4
1036,JORDANHALL3,ORCR,J,2,165,A,1,8,1
1036,JORDANHALL3,ORCR,J,4,163,A,1,8,2
1036,JORDANHALL3,ORCR,K,2,179,A,1,9,1
